-- phpMyAdmin SQL Dump
-- version 3.3.2deb1ubuntu1
-- http://www.phpmyadmin.net
--
-- Host: localhost
-- Generation Time: Jun 09, 2015 at 04:58 PM
-- Server version: 5.1.73
-- PHP Version: 5.4.39-1+deb.sury.org~lucid+2

SET SQL_MODE="NO_AUTO_VALUE_ON_ZERO";


/*!40101 SET @OLD_CHARACTER_SET_CLIENT=@@CHARACTER_SET_CLIENT */;
/*!40101 SET @OLD_CHARACTER_SET_RESULTS=@@CHARACTER_SET_RESULTS */;
/*!40101 SET @OLD_COLLATION_CONNECTION=@@COLLATION_CONNECTION */;
/*!40101 SET NAMES utf8 */;

--
-- Database: `easyquote`
--

-- --------------------------------------------------------

--
-- Table structure for table `categories`
--

CREATE TABLE IF NOT EXISTS `categories` (
  `id` int(11) NOT NULL AUTO_INCREMENT,
  `name` varchar(255) NOT NULL,
  `active` tinyint(1) NOT NULL,
  `date` timestamp NOT NULL DEFAULT CURRENT_TIMESTAMP ON UPDATE CURRENT_TIMESTAMP,
  PRIMARY KEY (`id`)
) ENGINE=InnoDB  DEFAULT CHARSET=latin1 AUTO_INCREMENT=4 ;

--
-- Dumping data for table `categories`
--

INSERT INTO `categories` (`id`, `name`, `active`, `date`) VALUES
(1, 'eCommerce', 1, '2015-05-29 17:24:04'),
(2, 'Mobile App', 1, '2015-04-06 13:11:24'),
(3, 'Website Design', 1, '2015-05-11 16:01:35');

-- --------------------------------------------------------

--
-- Table structure for table `customers`
--

CREATE TABLE IF NOT EXISTS `customers` (
  `id` int(11) NOT NULL AUTO_INCREMENT,
  `name` varchar(255) NOT NULL,
  `email` varchar(200) NOT NULL,
  `password` varchar(255) DEFAULT NULL,
  `company` varchar(200) DEFAULT NULL,
  `website` varchar(200) DEFAULT NULL,
  `address` varchar(255) DEFAULT NULL,
  `image` varchar(255) NOT NULL,
  `ip` varchar(100) DEFAULT NULL,
  `date` timestamp NOT NULL DEFAULT CURRENT_TIMESTAMP ON UPDATE CURRENT_TIMESTAMP,
  PRIMARY KEY (`id`)
) ENGINE=InnoDB  DEFAULT CHARSET=latin1 AUTO_INCREMENT=3 ;

--
-- Dumping data for table `customers`
--

INSERT INTO `customers` (`id`, `name`, `email`, `password`, `company`, `website`, `address`, `image`, `ip`, `date`) VALUES
(1, 'admin', 'admin.dx@gmail.com', 'welcome', 'sunrise', 'www.sunrise.com', 'h.no-233,sector-26,chandigarh', 'img/uploads/croppedImg_8296970.jpeg', 'fftgryrty', '2015-05-13 10:37:53'),
(2, 'gghgfh', 'fghgfh@gmail.com', 'welcome', 'ataerdt', 'retr', 'erdtertr', 'img/uploads/croppedImg_546154767.jpeg', 'dsewrtref', '2015-05-13 10:39:00');

-- --------------------------------------------------------

--
-- Table structure for table `hires`
--

CREATE TABLE IF NOT EXISTS `hires` (
  `id` int(11) NOT NULL AUTO_INCREMENT,
  `user_id` int(11) NOT NULL,
  `customer_id` int(11) NOT NULL,
  `selection_id` int(11) NOT NULL COMMENT 'get service id from selections for Projects table',
  `date` timestamp NOT NULL DEFAULT CURRENT_TIMESTAMP ON UPDATE CURRENT_TIMESTAMP,
  PRIMARY KEY (`id`)
) ENGINE=InnoDB DEFAULT CHARSET=latin1 AUTO_INCREMENT=1 ;

--
-- Dumping data for table `hires`
--


-- --------------------------------------------------------

--
-- Table structure for table `hourly_rates`
--

CREATE TABLE IF NOT EXISTS `hourly_rates` (
  `id` int(11) NOT NULL AUTO_INCREMENT,
  `user_id` int(11) NOT NULL,
  `service_id` int(11) NOT NULL,
  `rate` varchar(255) NOT NULL,
  `date` timestamp NOT NULL DEFAULT CURRENT_TIMESTAMP ON UPDATE CURRENT_TIMESTAMP,
  PRIMARY KEY (`id`)
) ENGINE=InnoDB  DEFAULT CHARSET=latin1 AUTO_INCREMENT=15 ;

--
-- Dumping data for table `hourly_rates`
--

INSERT INTO `hourly_rates` (`id`, `user_id`, `service_id`, `rate`, `date`) VALUES
(1, 4, 100, '30', '2015-06-09 15:06:54'),
(2, 15, 13, '30', '2015-05-20 12:53:11'),
(3, 4, 1, '10', '2015-05-20 12:53:42'),
(4, 4, 13, '10', '2015-05-07 12:11:34'),
(5, 4, 14, '60', '2015-05-11 11:14:26'),
(7, 4, 47, '10', '2015-05-13 15:41:01'),
(9, 16, 61, '42', '2015-05-15 13:25:29'),
(10, 19, 105, '10', '2015-05-21 12:21:33'),
(11, 19, 13, '10', '2015-05-21 12:24:58'),
(12, 16, 116, '2', '2015-05-29 16:28:03'),
(13, 4, 116, '1', '2015-05-29 17:29:34'),
(14, 4, 15, '3', '2015-06-09 15:07:08');

-- --------------------------------------------------------

--
-- Table structure for table `options`
--

CREATE TABLE IF NOT EXISTS `options` (
  `id` int(11) NOT NULL AUTO_INCREMENT,
  `question_id` int(11) DEFAULT '0',
  `option_div` int(11) DEFAULT NULL,
  `question_div` int(11) DEFAULT NULL,
  `title` varchar(255) DEFAULT NULL,
  `name` varchar(255) NOT NULL,
  `icon` varchar(255) NOT NULL,
  `image` varchar(255) DEFAULT NULL,
  `style` text,
  `is_chargeable` tinyint(1) NOT NULL,
  `is_comment` tinyint(1) NOT NULL,
  `comment` varchar(255) DEFAULT NULL,
  PRIMARY KEY (`id`)
) ENGINE=InnoDB  DEFAULT CHARSET=latin1 AUTO_INCREMENT=255 ;

--
-- Dumping data for table `options`
--

INSERT INTO `options` (`id`, `question_id`, `option_div`, `question_div`, `title`, `name`, `icon`, `image`, `style`, `is_chargeable`, `is_comment`, `comment`) VALUES
(1, 1, 500, 199, 'test', 'test', 'test', '', 'style="top:257px; left:33px;"', 1, 1, '0'),
(2, 2, 499, 199, 'test', 'test', 'test', '', 'style="top:256px; left:194px;"', 1, 1, ''),
(3, 1, 498, 199, 'test', 'test', 'test', '', 'style="top:258px; left:356px;"', 1, 1, '6'),
(4, 1, 497, 199, 'test', 'test', 'test', '', 'style="top:261px; left:798px;"', 1, 1, '0'),
(5, 1, 496, 199, 'test', 'test', 'test', '', 'style="top:259px; left:992px;"', 1, 1, '0'),
(6, 1, 495, 199, 'test', 'test', 'test', '', 'style="top:260px; left:1179px;"', 1, 1, '0'),
(7, 1, 494, 199, 'test', 'test', 'test', '', 'style="top:359px; left:496px;"', 1, 1, '6'),
(8, 1, 493, 199, 'test', 'test', 'test', '', 'style="top:362px; left:645px;"', 1, 1, '0'),
(9, 4, 300, 196, '23123', '123123', '123123', '', 'style="top:468px; left:842px;"', 0, 0, NULL),
(10, 5, 500, 199, 'yes', 'Yes', 'icon-3x fa-newspaper-o', '', 'style="top:185px; left:383px;"', 1, 0, NULL),
(11, 5, 499, 199, 'no', 'No', 'icon-3x fa-ban', '', 'style="top:185px; left:498px;"', 0, 0, NULL),
(12, 5, 498, 199, 'dont know', 'I Don''t Know', 'icon-3x fa-question', '', 'style="top:185px; left:611px;"', 0, 0, NULL),
(13, 6, 497, 198, 'responsive', 'Responsive', 'icon-3x icon-list', '', 'style="top:360px; left:383px;"', 1, 1, '5'),
(14, 6, 496, 198, 'static ', ' Static ', 'icon-3x fa-sellsy', '', 'style="top:361px; left:500px;"', 1, 1, '000000'),
(15, 6, 495, 198, 'dont know', ' I don''t Know', 'icon-3x fa-question', '', 'style="top:361px; left:615px;"', 0, 0, '0'),
(16, 7, 494, 197, 'yes', 'Yes', 'icon-3x fa-usd', '', 'style="top:535px; left:383px;"', 1, 0, NULL),
(17, 7, 493, 197, 'no', 'No', 'icon-3x fa-ban', '', 'style="top:536px; left:501px;"', 0, 0, NULL),
(18, 7, 492, 197, 'don''t Know', '  I don''t Know ', 'icon-3x fa-question', '', 'style="top:538px; left:617px;"', 0, 0, NULL),
(19, 8, 491, 196, 'simple', 'Simple', 'icon-3x fa-pencil', '', 'style="top:543px; left:352px;"', 1, 0, NULL),
(20, 8, 490, 196, 'graphical ', ' Graphical ', 'icon-3x fa-line-chart', '', 'style="top:526px; left:500px;"', 1, 0, NULL),
(21, 8, 489, 196, 'don''t Know ', ' I don''t Know ', 'icon-3x fa-question', '', 'style="top:542px; left:651px;"', 0, 0, NULL),
(22, 9, 488, 195, 'single page', 'Single Page', 'icon-3x fa-check-square', '', 'style="top:542px; left:379px;"', 1, 0, NULL),
(23, 9, 487, 195, 'multiple page ', 'Multiple Page ', 'icon-3x fa-check-square-o', '', 'style="top:543px; left:500px;"', 1, 0, NULL),
(24, 9, 486, 195, 'don''t Know', 'I don''t Know ', 'icon-3x fa-question', '', 'style="top:545px; left:617px;"', 0, 0, NULL),
(25, 10, 485, 194, 'simple filter page', 'Simple Filter Page', 'icon-3x fa-filter', '', 'style="top:543px; left:383px;"', 1, 0, NULL),
(26, 10, 484, 194, 'advance filter page', 'Advance Filter Page ', 'icon-3x fa-filter', '', 'style="top:542px; left:499px;"', 1, 0, NULL),
(27, 10, 483, 194, 'don''t Know', 'I don''t Know ', 'icon-3x fa-question', '', 'style="top:539px; left:652px;"', 0, 0, NULL),
(28, 11, 482, 193, 'yes', 'Yes', 'icon-3x fa-bullhorn', '', 'style="top:541px; left:384px;"', 1, 0, NULL),
(29, 11, 481, 193, 'no', 'No', 'icon-3x fa-ban', '', 'style="top:526px; left:501px;"', 0, 0, NULL),
(30, 11, 480, 193, 'don''t Know', ' I don''t Know ', 'icon-3x fa-question', '', 'style="top:541px; left:620px;"', 0, 0, NULL),
(31, 12, 479, 192, 'salesforce connect', 'Salesforce Connectivity', 'icon-3x icon-salesforce', '', 'style="top:533px; left:382px;"', 1, 0, NULL),
(32, 12, 478, 192, 'infusionsoft connect', 'Infusionsoft Connectivity ', 'icon-3x icon-infusionsoft', '', 'style="top:543px; left:501px;"', 1, 0, NULL),
(33, 12, 477, 192, 'sugarcrm connect', 'Sugarcrm Connectivity ', 'icon-3x icon-sugarcrm', '', 'style="top:540px; left:666px;"', 1, 0, NULL),
(34, 12, 476, 192, 'don''t Know', 'I don''t Know ', 'icon-3x fa-question', '', 'style="top:541px; left:819px;"', 0, 0, NULL),
(35, 13, 500, 199, 'tertert', 'terwtrewert', 'ertretre', '', 'style="top:176px; left:545px;"', 0, 0, NULL),
(36, 14, 500, 199, 'tyyt', 'trytyt', 'trytutut', '', 'style="margin-top:240px; margin-left:595px;"', 0, 0, NULL),
(37, 15, 499, 198, 'fchygfhy', 'ghfgvh', 'cfghygfh', '', 'style="margin-top:441px; margin-left:485px;"', 0, 0, NULL),
(38, 15, 498, 198, 'gfhg', 'ghgvj', 'ghgfvh', '', 'style="margin-top:440px; margin-left:625px;"', 0, 0, NULL),
(39, 16, 497, 197, 'hjljkl', 'jljklkj', 'ghjkihjk', '', 'style="margin-top:543px; margin-left:565px;"', 0, 0, NULL),
(40, 17, 496, 196, 'fxgfghf', 'fcgcfvgfc', 'fchgfchfg', '', 'style="margin-top:543px; margin-left:545px;"', 0, 0, NULL),
(41, 18, 500, 199, 'dhytguy', 'tr6ytyt', 'rtfythyt', '', 'style="margin-top:326px; margin-left:564px;"', 0, 0, NULL),
(42, 19, 499, 198, 'sdfdsf', 'dfdsfsd', 'sdfdsfd', '', 'style="margin-top:543px; margin-left:615px;"', 0, 0, NULL),
(43, 20, 500, 199, 'eeeeeeeeeeeeeeeetttt', 'ttttttttttttttttteeeeeeeeeeeeeeee', 'rrrrrrrrrrrrrr', '', 'style="margin-top:445px; margin-left:504px;"', 0, 0, NULL),
(44, 21, 499, 198, 'ggggggggggggggg', 'ffffffffffffffffffffffff', 'dddddddddddddd', '', 'style="margin-top:543px; margin-left:499px;"', 0, 0, NULL),
(45, 22, 500, 199, 'nhgfhg', 'ghgfhg', 'ghgh', '', 'style="margin-top:371px; margin-left:517px;"', 0, 0, NULL),
(46, 23, 499, 198, 'fhgfh', 'ghgh', 'ghgh', '', 'style="margin-top:543px; margin-left:530px;"', 0, 0, NULL),
(47, 24, 500, 199, 'aaaaaa1111', 'a1111', 'a1', '', 'style="margin-top:249px; margin-left:488px;"', 0, 0, NULL),
(48, 24, 499, 199, 'aaaa222222222222', 'a2222', 'a2', '', 'style="margin-top:256px; margin-left:619px;"', 0, 0, NULL),
(49, 25, 498, 198, 'bb111', 'bbbbbb11111111', 'b1', '', 'style="margin-top:503px; margin-left:471px;"', 0, 0, NULL),
(50, 25, 497, 198, 'bbb2222', 'bbb222', 'b2', '', 'style="margin-top:500px; margin-left:649px;"', 0, 0, NULL),
(51, 26, 496, 197, 'ccc111', 'cc11', 'c11', '', 'style="margin-top:543px; margin-left:462px;"', 0, 0, NULL),
(52, 26, 495, 197, 'ccc222', 'cc22', 'c2', '', 'style="margin-top:542px; margin-left:639px;"', 0, 0, NULL),
(53, 27, 500, 199, 'sds', 'asd', 'asd', '', 'style="margin-top:324px; margin-left:616px;"', 0, 0, NULL),
(54, 28, 499, 198, 'rtrt', 'tretre', 'srfdes', '', 'style="margin-top:543px; margin-left:626px;"', 0, 0, NULL),
(55, 29, 500, 199, 'swedwasre', 'eree', 'rfwerwer', '', 'style="margin-top:710px; margin-left:604px;"', 0, 0, NULL),
(56, 30, 499, 198, 'dddddd', 'dddddddd', 'ddddddddd', '', 'style="margin-top:978px; margin-left:597px;"', 0, 0, NULL),
(57, 31, 500, 199, 'tryrty', 'rtyrty', 'tfrytry', '', 'style="margin-top:768px; margin-left:642px;"', 0, 0, NULL),
(58, 32, 499, 198, 'ewrewr', 'ewrer', 'ewrer', '', 'style="margin-top:1612px; margin-left:618px;"', 0, 0, NULL),
(59, 33, 498, 197, 'ewredr', 'ewrewr', 'ewrer', '', 'style="margin-top:2543px; margin-left:591px;"', 0, 0, NULL),
(60, 34, 500, 199, 'za1', 'za1', 'za1', '', 'style="margin-top:338px; margin-left:558px;"', 0, 0, NULL),
(61, 35, 499, 198, 'za2', 'za2', 'za2', '', 'style="margin-top:940px; margin-left:549px;"', 0, 0, NULL),
(64, 38, 500, 199, 'fdsfd', 'dfsfdsf', 'dsfdsfdf', '', 'style="top:320px; left:580px;"', 0, 0, NULL),
(65, 39, 500, 199, 'rtrf', 'trtrt', 'rtrt', '', 'style="top:447px; left:585px;"', 0, 0, NULL),
(66, 40, 499, 198, 'tyuyt', 'utyuytu', 'ytuytuyt', '', 'style="top:1033px; left:564px;"', 0, 0, NULL),
(67, 41, 500, 199, 'tretert', 'rtrtrt', 'retrtr', '', 'style="top:485px; left:550px;"', 0, 0, NULL),
(68, 42, 499, 198, 'rftrt', 'rtrt', 'rtrtr', '', 'style="top:1139px; left:542px;"', 0, 0, NULL),
(69, 43, 500, 199, 'ergaerg', 'ergaerg', 'erger', '', 'style="top:259px; left:529px;"', 0, 0, NULL),
(70, 45, 500, 199, 'erer', 'erewr', 'ewrere', '', 'style="top:534px; left:598px;"', 0, 0, NULL),
(71, 46, 499, 198, 'qwe', 'w4er343e', '3er3e', '', 'style="top:924px; left:617px;"', 0, 0, NULL),
(72, 47, 498, 197, '2w32w', '323213', '1232', '', 'style="top:1257px; left:495px;"', 0, 0, NULL),
(73, 47, 497, 197, '2132', '32321', '323', '', 'style="top:1259px; left:634px;"', 0, 0, NULL),
(74, 47, 496, 197, '23ee2', '1323', '232', '', 'style="top:1252px; left:780px;"', 0, 0, NULL),
(75, 48, 500, 199, 'test    ', 'test', 'rsthsrthsrt', '', 'style="top:291px; left:420px;"', 0, 0, NULL),
(78, 48, 300, 199, '123          ', '1234', '123', '', 'style="top:284px; left:733px;"', 0, 0, NULL),
(79, 49, 298, 100, '634  ', '34563466', '5463456', '', 'style="top:401px; left:885px;"', 1, 0, NULL),
(80, 49, 299, 100, '56e54', '6546546', '4563456', '', 'style="top:487px; left:267px;"', 1, 1, NULL),
(81, 56, 494, 199, 'fyukf', 'uykfuykf', 'yukfyu', '', 'style="top:309px; left:40px;"', 0, 0, NULL),
(82, 56, 500, 199, 'fyukfyu', 'kfyukf', 'fyukfuyk', '', 'style="top:306px; left:206px;"', 0, 0, NULL),
(83, 56, 499, 199, 'ilgui', 'lguilgui', 'guilgu', '', 'style="top:339px; left:392px;"', 0, 0, NULL),
(84, 56, 495, 199, 'guil', 'guilguilgui', '', '', 'style="top:347px; left:582px;"', 0, 0, NULL),
(85, 56, 498, 199, 'guil', 'guilgui', '', '', 'style="top:363px; left:769px;"', 0, 0, NULL),
(86, 56, 497, 199, 'guilgui', 'lguil', '', '', 'style="top:286px; left:969px;"', 0, 0, NULL),
(87, 56, 496, 199, 'guilguil', 'guilguilguil', 'guilguil', '', 'style="top:219px; left:801px;"', 0, 0, NULL),
(88, 62, 500, 199, 'aaaaaa111111111', 'aaaaaaaaaa11111111111111', 'icon-3x fa-newspaper-o', '', 'style="top:274px; left:102px;"', 1, 0, '0'),
(89, 62, 499, 199, 'aaa22222222', 'aaaaaaaa22222222222', 'icon-3x fa-newspaper-o', '', 'style="top:312px; left:273px;"', 1, 1, '5'),
(90, 62, 498, 199, 'aaa333333', 'aaaaa3333333333', 'icon-3x fa-newspaper-o', '', 'style="top:354px; left:458px;"', 1, 1, '4'),
(91, 62, 497, 199, 'aaaaa44444', 'aaaaa444444444', 'icon-3x fa-newspaper-o', '', 'style="top:362px; left:705px;"', 0, 0, '0'),
(92, 62, 496, 199, 'aaaaaaa5', 'aaaaaaa5', 'icon-3x fa-newspaper-o', '', 'style="top:322px; left:872px;"', 1, 1, '34'),
(93, 62, 495, 199, 'aaaa6666', 'aa6666666666', 'icon-3x fa-newspaper-o', '', 'style="top:266px; left:1025px;"', 0, 0, '0'),
(94, 63, 494, 198, '22222aaaaa', '222222222222aaaaaaaaaaaaa', 'icon-3x fa-newspaper-o', '', 'style="top:632px; left:236px;"', 1, 1, '12'),
(95, 63, 493, 198, '2bbbbbbbbb', '22222222222bbbbbbbbbbb', 'icon-3x fa-newspaper-o', '', 'style="top:673px; left:378px;"', 0, 0, NULL),
(96, 63, 492, 198, '22222222ccccccccc', '2222222ccccccccccc', 'icon-3x fa-newspaper-o', '', 'style="top:706px; left:512px;"', 1, 1, '2'),
(97, 63, 491, 198, '222ddddd', '222222dddddddddddd', 'icon-3x fa-newspaper-o', '', 'style="top:706px; left:687px;"', 0, 0, NULL),
(98, 63, 490, 198, '222222eeeeeee', '2222eeeeeeee', 'icon-3x fa-newspaper-o', '', 'style="top:664px; left:842px;"', 1, 1, '3'),
(99, 63, 489, 198, '22ffffff', '2222222fffff', 'icon-3x fa-newspaper-o', '', 'style="top:599px; left:959px;"', 0, 0, NULL),
(100, 64, 488, 197, '3aaaaaaaa', '3333aa', 'icon-3x fa-newspaper-o', '', 'style="top:959px; left:429px;"', 1, 0, NULL),
(101, 64, 487, 197, '33bbbbbbbbbb', '3bbbbbbbbb', 'icon-3x fa-newspaper-o', '', 'style="top:966px; left:572px;"', 0, 0, NULL),
(102, 64, 486, 197, '3333ccccccc', '333ccccccccc', 'icon-3x fa-newspaper-o', '', 'style="top:951px; left:727px;"', 0, 0, NULL),
(103, 65, 500, 199, 'gnxfg', 'nxfgnxfg', 'jhnxtfgjht', '', 'style="top:243px; left:373px;"', 1, 1, NULL),
(104, 66, 500, 199, 'Yes', 'Yes I am Indian', '', '', 'style="top:242px; left:234px;"', 0, 0, NULL),
(105, 66, 499, 199, 'No', 'No, I am not Indian', '<i class="fa fa-car"></i>', '', 'style="top:241px; left:410px;"', 1, 0, NULL),
(106, 68, 497, 197, 'clothing', 'Clothing', '', '', 'style="top:464px; left:128px;"', 1, 1, NULL),
(107, 70, 500, 199, '0', '0', '', '', 'style="top:344px; left:411px;"', 0, 0, NULL),
(108, 70, 499, 199, '-1', '-1', '', '', 'style="top:333px; left:597px;"', 0, 0, NULL),
(109, 71, 497, 198, '2', '2', '', '', 'style="top:437px; left:590px;"', 0, 0, NULL),
(110, 72, 496, 197, '1', '1', '', '', 'style="top:678px; left:446px;"', 0, 0, NULL),
(111, 72, 495, 197, '2', '2', '', '', 'style="top:690px; left:611px;"', 0, 0, NULL),
(112, 74, 500, 199, 'y', 'y', '', '', 'style="top:307px; left:560px;"', 1, 0, NULL),
(113, 74, 499, 199, 'n', 'n', '', '', 'style="top:267px; left:658px;"', 0, 0, NULL),
(114, 74, 498, 199, 'sgst me', 'sgst me', '', '', 'style="top:320px; left:807px;"', 1, 0, NULL),
(119, 76, 500, 199, 'aabbcc1', 'aabbcc1', 'icon-3x icon-beake', '', 'style="top:244px; left:361px;"', 1, 0, NULL),
(125, 78, 499, 199, 'tuotu', 'oiiuo', '', '', 'style="top:564px; left:543px;"', 0, 0, NULL),
(126, 78, 500, 199, 'iouio', 'uioiuo', '', '', 'style="top:1183px; left:530px;"', 0, 0, NULL),
(127, 78, 498, 199, 'uio   ', 'iuouo', '', '143316243931525_20130930_105745_birthday02.jpg', 'style=', 0, 0, NULL),
(128, 79, 500, 199, 'nrlq1opt1', 'nrlq1opt1', 'icon-3x icon-beake', '', 'style="top:539px; left:371px;"', 1, 0, NULL),
(129, 79, 498, 199, 'nrlq1opt2', 'nrlq1opt2', 'icon-3x icon-beake', '', 'style="top:542px; left:580px;"', 1, 0, NULL),
(130, 79, 497, 199, 'nrlq1opt3', 'nrlq1opt3', 'icon-3x icon-beake', '', 'style="top:552px; left:839px;"', 0, 0, NULL),
(131, 80, 496, 198, 'nrlq2opt1', 'nrlq2opt1', 'icon-3x icon-cogd', '', 'style="top:947px; left:275px;"', 1, 0, NULL),
(132, 80, 495, 198, 'nrlq2opt2', 'nrlq2opt2', 'icon-3x icon-cogd', '', 'style="top:951px; left:464px;"', 1, 0, NULL),
(133, 80, 494, 198, 'nrlq2opt3', 'nrlq2opt3', 'icon-3x icon-cogd', '', 'style="top:954px; left:659px;"', 1, 1, '5'),
(134, 80, 493, 198, 'nrlq2opt4', 'nrlq2opt4', 'icon-3x icon-cogd', '', 'style="top:960px; left:835px;"', 0, 0, NULL),
(135, 80, 492, 198, 'nrlq2opt5', 'nrlq2opt5', 'icon-3x icon-cogd', '', 'style="top:962px; left:985px;"', 0, 0, NULL),
(139, 82, 500, 199, 'aaaaa11111', 'aaaaa11111', 'icon-3x icon-rockd', '', 'style="top:438px; left:268px;"', 1, 0, NULL),
(140, 82, 499, 199, 'bbbbb11111', 'bbbbbb11111111', 'icon-3x icon-rockd', '', 'style="top:452px; left:408px;"', 1, 0, NULL),
(141, 82, 498, 199, 'aaaaaaaaaa2222', 'aa22', 'icon-3x icon-rockd', '', 'style="top:468px; left:547px;"', 0, 0, NULL),
(150, 85, 500, 199, 'weqwe', 'wqeqwew', '', '', 'style="top:535px; left:323px;"', 1, 0, NULL),
(151, 85, 499, 199, 'rghrt', 'rtyty', '', '', 'style="top:532px; left:529px;"', 1, 0, NULL),
(152, 87, 500, 199, 'dhgfh', 'gfhfghgf', '', '', 'style="top:389px; left:579px;"', 0, 0, NULL),
(153, 88, 500, 199, 'dsgt', 'dfgtfrtr', '', '', 'style="top:379px; left:570px;"', 0, 0, NULL),
(155, 81, 300, 197, 'rtert', 'retretret', 'retret', '', 'style="top:1399px; left:549px;"', 1, 1, '1'),
(156, 96, 500, 199, 'hfh', 'fhg', 'kijuyi', '', 'style="top:230px; left:496px;"', 1, 0, NULL),
(162, 101, 500, 199, 'fghgf', 'hfhfh', 'tfredtgr', '', 'style="top:221px; left:298px;"', 1, 0, NULL),
(164, 101, 498, 199, 'yujk', 'huikuh', 'kjhkj', '', 'style="top:274px; left:568px;"', 1, 0, NULL),
(165, 101, 497, 199, 'hbikhjui', 'kjojo', 'ikj', '', 'style="top:254px; left:714px;"', 1, 0, NULL),
(166, 101, 495, 199, 'iuouio', 'pihjuoio', 'uiou', '', 'style="top:217px; left:839px;"', 0, 0, NULL),
(171, 103, 490, 196, 'dfh', 'fdg', 'dfgdfg', '', 'style="top:834px; left:384px;"', 0, 0, NULL),
(173, 103, 488, 196, 'sfdhgs', 'dfgdfg', 'dgdg', '', 'style="top:828px; left:696px;"', 0, 0, NULL),
(178, 105, 500, 199, 'dfghj ', 'dfhg', 'icon-3x', '', 'style=', 1, 0, NULL),
(179, 105, 499, 199, 'hgjghj ', 'ghjgh', 'icon-3x', '', 'style=', 1, 0, NULL),
(180, 105, 498, 199, 'hgjhgj ', 'hgjgfhj', 'icon-3x', '', 'style=', 1, 0, NULL),
(181, 105, 497, 199, 'ghjghj ', 'ghjghj', 'icon-3x', '', 'style=', 1, 0, NULL),
(182, 105, 496, 199, 'ghjhgj ', 'ghjghjg', 'icon-3x', '', 'style="top:326px; left:731px;"', 0, 0, NULL),
(183, 105, 495, 199, 'hgjhg ', 'jgjghj', 'icon-3x', '', 'style=', 1, 0, NULL),
(184, 106, 494, 198, 'sgfhf ', 'ghfgh', 'icon-3x', '', 'style=', 1, 0, NULL),
(185, 106, 493, 198, 'fgdh ', 'ghgfh', 'icon-3x', '', 'style=', 1, 0, NULL),
(186, 106, 492, 198, 'fgh ', 'fghgfh', 'icon-3x', '', 'style=', 1, 0, NULL),
(187, 106, 491, 198, 'fghgf ', 'hgfhh', 'icon-3x', '', 'style=', 0, 0, NULL),
(188, 106, 490, 198, 'gfh ', 'gfhfhfg', 'icon-3x', '', 'style=', 0, 0, NULL),
(190, 107, 488, 197, 'gfhfh ', 'fghfghfg', 'icon-3x', '', 'style=', 1, 0, NULL),
(191, 107, 487, 197, 'gfhgf ', 'hfgh', 'icon-3x', '', 'style=', 0, 0, NULL),
(195, 109, 500, 199, 'yki', 'yukiuyi', 'uyiu', '', 'style="top:286px; left:556px;"', 0, 0, NULL),
(197, 113, 500, 199, 'fdgfd', 'gfgf', 'icon-3x (after this code enter your icon name)', '', 'style="top:266px; left:278px;"', 1, 0, NULL),
(198, 114, 500, 199, 'fdgdfg', 'dfgdfg', 'icon-3x (after this code enter your icon name)', '', 'style="top:202px; left:367px;"', 1, 0, NULL),
(199, 114, 499, 199, 'fgd', 'fgdfdg', 'icon-3x (after this code enter your icon name)', '', 'style="top:235px; left:520px;"', 0, 0, NULL),
(200, 114, 498, 199, 'fdg', 'dfgfdgf', 'icon-3x (after this code enter your icon name)', '', 'style="top:205px; left:665px;"', 0, 0, NULL),
(201, 115, 497, 198, 'fdg', 'fdgfdg', 'icon-3x (after this code enter your icon name)', '', 'style="top:434px; left:233px;"', 1, 0, NULL),
(202, 115, 496, 198, 'asdeas', 'dasdasd', 'icon-3x (after this code enter your icon name)', '', 'style="top:486px; left:365px;"', 1, 0, NULL),
(203, 115, 495, 198, 'rtgr', 'tretr', 'icon-3x (after this code enter your icon name)', '', 'style="top:511px; left:506px;"', 1, 0, NULL),
(204, 115, 494, 198, 'retr', 'dtrt', 'icon-3x (after this code enter your icon name)', '', 'style="top:473px; left:647px;"', 0, 1, '3'),
(205, 115, 493, 198, 'rdt', 'rdtfrfetfr', 'icon-3x (after this code enter your icon name)', '', 'style="top:428px; left:806px;"', 0, 0, NULL),
(206, 116, 500, 198, 'Test option 1', 'test ', 'icon-3x (after this code enter your icon name)', '', 'style="top:395px; left:118px;"', 0, 0, NULL),
(207, 117, 500, 199, 'What gonna b next ?', 'I don''t know ', 'icon-3x (after this code enter your icon name)', '', 'style="top:373px; left:296px;"', 1, 0, '0'),
(208, 117, 499, 199, 'So what you know', 'Nothing ', 'icon-3x (after this code enter your icon name)', '', 'style="top:368px; left:562px;"', 1, 1, '0'),
(209, 122, 500, 199, 'tyuh', 'tyu', '', '14326220371f59281654802634091309326ecc9166.jpg', 'style="top:216px; left:552px;"', 0, 0, NULL),
(210, 123, 500, 199, 'sfg', 'fdsgdf', '', '14326249414eb05122efbc00af0a1d824221a29519.jpg', 'style="top:274px; left:270px;"', 1, 0, NULL),
(211, 123, 499, 199, 'fsdg', 'sdfgfd', 'icon-3x (after this code enter your icon name)', '', 'style="top:281px; left:458px;"', 1, 0, NULL),
(212, 123, 498, 199, 'fg', 'fg', 'icon-3x (after this code enter your icon name)', '14326247514ssss.jpg', 'style="top:267px; left:639px;"', 0, 0, NULL),
(213, 124, 497, 198, 'fg', 'dfgdfg', 'icon-3x (after this code enter your icon name)', '', 'style="top:526px; left:289px;"', 1, 0, NULL),
(214, 124, 496, 198, 'gfjnh', 'shfhg', 'icon-3x (after this code enter your icon name)', '', 'style="top:542px; left:466px;"', 1, 0, NULL),
(215, 124, 495, 198, 'reg', 'rge', 'icon-3x (after this code enter your icon name)', '14326248831f5069142727648138a54524b5beeb58.jpg', 'style="top:517px; left:640px;"', 0, 0, NULL),
(216, 125, 500, 198, 'yes', 'yes', '', '14328926249975.jpg', 'style="top:230px; left:199px;"', 1, 1, '4'),
(217, 125, 499, 198, 'no', 'no', '', '1432901260cool-wallpapers-hd-8087-8418-hd-wallpapers.jpg', 'style="top:231px; left:363px;"', 0, 0, '0'),
(219, 126, 498, 199, 'Ios', 'ios apple', 'icon-3x (after this code enter your icon name)', '1432892786HD-Technology-Wallpaper-6.jpg', 'style="top:130px; left:768px;"', 1, 1, '1'),
(220, 126, 497, 199, 'bb', 'blackberry', 'icon-3x (after this code enter your icon name)', '1432892802Website changes.docx', 'style="top:222px; left:772px;"', 1, 1, '3'),
(221, 126, 496, 199, 'windows', 'windows', 'icon-3x (after this code enter your icon name)', '1432892851Check.png', 'style="top:315px; left:768px;"', 1, 1, '3'),
(222, 126, 495, 199, 'Android', 'Android', '', '1432901280superman-logo_6968-1024x1024.jpg', 'style="top:49px; left:766px;"', 1, 0, NULL),
(223, 127, 493, 196, 'Yes', 'yes', '', '1432905188easyquote1.docx', 'style="top:169px; left:1320px;"', 1, 0, NULL),
(224, 127, 492, 196, 'no', 'no', '', '1432905202easyquote.docx', 'style="top:266px; left:1305px;"', 0, 0, NULL),
(225, 129, 300, 100, 'blackberry', 'blackberry', '', '1432988604DP66390.jpg', 'style="top:445px; left:351px;"', 0, 0, NULL),
(226, 129, 299, 100, 'windows', 'windows', '', '1432988647image-placeholder-bfa0af06244f4ab4d3ffb83e15739728.png', 'style="top:437px; left:423px;"', 0, 0, NULL),
(227, 129, 298, 100, 'None', 'None', '', '1432988667Abstract-3D-Ball-iphone-5-wallpaper-ilikewallpaper_com.jpg', 'style="top:437px; left:584px;"', 0, 0, NULL),
(234, 132, 500, 199, 'tryu', 'tyuty', '', '1433239001sunrise-logo-images-3.jpg', 'style="top:347px; left:447px;"', 1, 0, NULL),
(235, 132, 499, 199, 'uyi', 'ui', '', '1433239885sunrise-logo-images-3.jpg', 'style="top:347px; left:624px;"', 0, 0, NULL),
(236, 133, 500, 199, 'iuo', 'uio', '', '1433240633sunrise-logo-images-3.jpg', 'style="top:224px; left:437px;"', 1, 0, NULL),
(237, 133, 499, 199, 'oipo', 'kl;k;', ';lk;;l', '', 'style="top:227px; left:584px;"', 0, 0, NULL),
(238, 133, 498, 199, 'guyhjghu', 'khjkijh', '', '1433240680Girl-in-Rain-Wallpaper.jpg', 'style="top:225px; left:731px;"', 0, 0, NULL),
(239, 134, 497, 198, 'jhk', 'jhkhj', 'jk', '', 'style="top:402px; left:312px;"', 1, 1, '3'),
(240, 134, 496, 198, 'klj ', 'kl', '', '1433244567baby-infant-flowers-outdoors-botanical-gardens-yellow-girl.jpg', 'style=', 1, 1, '4'),
(241, 134, 495, 198, 'lkj', 'kjl', '', '143324079131525_20130930_105745_birthday02.jpg', 'style="top:458px; left:565px;"', 1, 0, NULL),
(242, 134, 494, 198, 'jh', 'jhk', 'jhk', '', 'style="top:450px; left:697px;"', 0, 1, '6'),
(243, 134, 493, 198, 'jhk', 'hjk', 'ghkh', '', 'style="top:408px; left:836px;"', 0, 0, NULL),
(244, 135, 492, 197, 'hjki,jh', 'hkjhk', '', '143324091631525_20130930_105745_birthday02.jpg', 'style="top:710px; left:434px;"', 1, 0, NULL),
(245, 135, 491, 197, 'kjl', 'kjlkj', 'hkhj', '', 'style="top:708px; left:608px;"', 1, 1, NULL),
(246, 135, 490, 197, 'hgjgh', 'jgjg', '', '1433240946images.jpg', 'style="top:706px; left:789px;"', 0, 0, NULL),
(247, 130, 300, 199, 'wre ', 'wrew', '', '1433334117baby-infant-flowers-outdoors-botanical-gardens-yellow-girl.jpg', 'style="top:261px; left:384px;"', 1, 0, NULL),
(248, 130, 299, 199, 'rty ', 'treyrt', 'tryt', '', 'style="top:268px; left:570px;"', 1, 0, NULL),
(249, 130, 298, 199, 'wrth ', 'trh', '', '1433334139Sunrise LOGO 001_full.jpeg', 'style="top:260px; left:741px;"', 0, 0, NULL),
(250, 136, 297, 100, 'uky ', 'jkiy', 'uyky', '', 'style="top:506px; left:398px;"', 1, 0, NULL),
(251, 136, 296, 100, 'kuy ', 'yki', 'uyiu', '', 'style="top:531px; left:573px;"', 0, 0, NULL),
(252, 136, 295, 100, 'uykyu   ', 'uuuuyiu', 'kuy', '', 'style="top:507px; left:738px;"', 1, 0, NULL),
(253, 137, 500, 199, 'sfgh', 'gfhgf', '', '143333387731525_20130930_105745_birthday02.jpg', 'style="top:230px; left:439px;"', 1, 0, NULL),
(254, 138, 500, 199, 'edtr', 'ewrew', 'ere', '', 'style="top:244px; left:634px;"', 0, 1, NULL);

-- --------------------------------------------------------

--
-- Table structure for table `projects`
--

CREATE TABLE IF NOT EXISTS `projects` (
  `id` int(11) NOT NULL AUTO_INCREMENT,
  `user_id` int(11) NOT NULL,
  `service_id` int(11) NOT NULL,
  `hire_id` int(11) DEFAULT NULL,
  `name` varchar(255) DEFAULT NULL,
  `info` longtext,
  `url` varchar(200) DEFAULT NULL,
  `screenshot` varchar(255) NOT NULL,
  `active` tinyint(1) NOT NULL,
  `date` timestamp NOT NULL DEFAULT CURRENT_TIMESTAMP ON UPDATE CURRENT_TIMESTAMP,
  PRIMARY KEY (`id`)
) ENGINE=InnoDB  DEFAULT CHARSET=latin1 AUTO_INCREMENT=18 ;

--
-- Dumping data for table `projects`
--

INSERT INTO `projects` (`id`, `user_id`, `service_id`, `hire_id`, `name`, `info`, `url`, `screenshot`, `active`, `date`) VALUES
(1, 16, 1, NULL, 'fdsgdgdes', 'esgferfgre', 'gttregrtgtr', 'img/uploads/croppedImg_844286999.jpeg', 1, '2015-05-12 18:49:02'),
(2, 16, 4, NULL, 'dgfhr', 'rgtrgt', 'ertrr', 'img/uploads/croppedImg_690029180.jpeg', 1, '2015-05-12 18:44:31'),
(5, 16, 58, NULL, 'sunny', 'Test info', 'https://mail.google.com/mail/', 'img/uploads/croppedImg_605645623.jpeg', 1, '2015-05-15 12:48:18'),
(6, 19, 13, NULL, 'Foodeus', 'Online Food order Website', 'http://www.foodeus.com/', 'img/uploads/croppedImg_27649573.png', 0, '2015-05-21 11:59:04'),
(7, 4, 15, NULL, 'DSX', 'Test Data', 'http://112.196.23.235:8010/easyquote/company/Projects/add', 'img/uploads/croppedImg_1845235501.png', 1, '2015-05-29 15:05:56'),
(8, 16, 116, NULL, 'sahil1', 'sa', 'http://112.196.23.235:8010/easyquote/admin/Questions/update/116', 'img/uploads/croppedImg_375485080.jpeg', 1, '2015-05-29 18:33:38'),
(13, 4, 15, NULL, 'retwe', 'fsdFvdsgfdg', 'etert', 'img/uploads/croppedImg_547680920.jpeg', 0, '2015-06-09 15:07:54'),
(14, 16, 13, NULL, 'rty', 'eryt', 'trytry', '', 0, '2015-06-01 19:01:18'),
(15, 4, 48, NULL, 'fhfdtgy', 'rftytryrty', 'reyrtyty', 'img/uploads/croppedImg_1138566444.jpeg', 0, '2015-06-09 15:32:59'),
(16, 16, 56, NULL, 'cxvfgh', 'fgdf', 'fdgdfg', 'img/uploads/croppedImg_36242393.jpeg', 0, '2015-06-09 16:02:29'),
(17, 16, 44, NULL, 'rurtutr', 'rtururt', 'trutu', 'img/uploads/croppedImg_1005344818.jpeg', 0, '2015-06-09 16:53:10');

-- --------------------------------------------------------

--
-- Table structure for table `questions`
--

CREATE TABLE IF NOT EXISTS `questions` (
  `id` int(11) NOT NULL AUTO_INCREMENT,
  `service_id` int(11) NOT NULL,
  `divId` int(11) NOT NULL,
  `title` varchar(255) DEFAULT NULL,
  `question` text NOT NULL,
  `style` text,
  `is_first` tinyint(1) NOT NULL,
  `is_multiple_choice` tinyint(1) NOT NULL,
  PRIMARY KEY (`id`)
) ENGINE=InnoDB  DEFAULT CHARSET=latin1 AUTO_INCREMENT=139 ;

--
-- Dumping data for table `questions`
--

INSERT INTO `questions` (`id`, `service_id`, `divId`, `title`, `question`, `style`, `is_first`, `is_multiple_choice`) VALUES
(1, 1, 199, 'test', 'test', 'style="top:109px; left:553px;"', 1, 1),
(2, 1, 198, 'test', 'test', 'style="top:409px; left:203px;"', 0, 1),
(3, 1, 197, 'test', 'test', 'style="top:465px; left:575px;"', 0, 1),
(4, 1, 196, 'test', 'test', 'style="top:442px; left:1034px;"', 0, 1),
(5, 13, 199, 'custom design', 'Do people have to choose custom design?', 'style="top:100px; left:496px;"', 1, 1),
(6, 13, 198, 'Responsive/static', 'Do people have to choose Responsive/static html?', 'style="top:274px; left:498px;"', 0, 1),
(7, 13, 197, 'Payment Gateway', 'Do people have to choose Payment Gateway?', 'style="top:448px; left:498px;"', 0, 1),
(8, 13, 196, 'Custom Reports Type', 'Do people have to choose Custom Reports Type?', 'style="top:490px; left:500px;"', 0, 1),
(9, 13, 195, 'Check Out Page', 'Do people have to choose Check Out Page?', 'style="top:470px; left:502px;"', 0, 1),
(10, 13, 194, 'Product Page', 'Do people have to choose Product Page?', 'style="top:462px; left:502px;"', 0, 1),
(11, 13, 193, 'choose Marketing', 'Do people have to choose Marketing?', 'style="top:439px; left:499px;"', 0, 1),
(12, 13, 192, 'CRM Connectivity', 'Do people have to choose CRM Connectivity?', 'style="top:461px; left:500px;"', 0, 1),
(13, 14, 199, 'wtere', 'retretretgry', 'style="top:93px; left:535px;"', 1, 1),
(14, 15, 199, 'efred', 'edrftetgr', 'style="margin-top:145px; margin-left:600px;"', 1, 0),
(15, 15, 198, 'dsfd', 'dfdgf', 'style="margin-top:340px; margin-left:581px;"', 0, 0),
(16, 15, 197, 'ghjhgk', 'cghfgfbhjgfb', 'style="margin-top:522px; margin-left:556px;"', 0, 0),
(17, 15, 196, 'hljknlkj;', 'jlkjhnklhjkl', 'style="margin-top:400px; margin-left:561px;"', 0, 0),
(18, 16, 199, 'gfrthgf', 'gfhfghgh', 'style="margin-top:23px; margin-left:25px;"', 1, 1),
(19, 16, 198, 'werwere', 'rewrwere', 'style="margin-top:457px; margin-left:564px;"', 0, 1),
(20, 17, 199, 'wrewretrerrrrrrrrrrr', 'rrrrrrrrrrrrrrrrrrrrrrrrrrrr', 'style="margin-top:219px; margin-left:501px;"', 1, 1),
(21, 17, 198, 'ttttttttttfdffffffff', 'ddddddddddggggggggggggggg', 'style="margin-top:540px; margin-left:504px;"', 0, 1),
(22, 18, 199, 'cvbcvbvb', 'vbvbvbvbvbv', 'style="margin-top:259px; margin-left:515px;"', 1, 1),
(23, 18, 198, 'cvhgh', 'gvhghg', 'style="margin-top:472px; margin-left:510px;"', 0, 1),
(24, 19, 199, 'aaaaaaaaaaa', 'rtrtryytyty', 'style="margin-top:161px; margin-left:568px;"', 1, 1),
(25, 19, 198, 'bbbbbbbbb', 'bbbbbbbbbb', 'style="margin-top:379px; margin-left:561px;"', 0, 1),
(26, 19, 197, 'ccc', 'cccc', 'style="margin-top:540px; margin-left:558px;"', 0, 1),
(27, 22, 199, 'dgrft', 'trrtyyre', 'style="margin-top:189px; margin-left:609px;"', 1, 1),
(28, 22, 198, 'dgfdg', 'dfgdfgfd', 'style="margin-top:472px; margin-left:615px;"', 0, 1),
(29, 26, 199, 'rweewr', 'ewrewre', 'style="margin-top:501px; margin-left:604px;"', 1, 1),
(30, 26, 198, 'qwrewre', 'ewrerwe3r', 'style="margin-top:854px; margin-left:607px;"', 0, 1),
(31, 27, 199, 'tryt', 'tryrty', 'style="margin-top:465px; margin-left:618px;"', 1, 1),
(32, 27, 198, 'srr', 'wqrwqre', 'style="margin-top:1064px; margin-left:649px;"', 0, 1),
(33, 27, 197, 'wsqerqwe', 'qweqwewe', 'style="margin-top:2253px; margin-left:608px;"', 0, 1),
(34, 28, 199, 'z1', 'z1', 'style="margin-top:145px; margin-left:572px;"', 1, 1),
(35, 28, 198, 'z2', 'z2', 'style="margin-top:621px; margin-left:552px;"', 0, 1),
(38, 30, 199, 'sasdd', 'wewewe', 'style="margin-top:163px; margin-left:581px;"', 1, 1),
(39, 31, 199, 'eter', 'trtrt', 'style="top:258px; left:583px;"', 1, 1),
(40, 31, 198, 'sre', 'erererer', 'style="top:540px; left:568px;"', 0, 1),
(41, 32, 199, 'rtyyty', 'tytyty', 'style="top:154px; left:569px;"', 1, 1),
(42, 32, 198, 'trtrtrt', 'rtrtrt', 'style="top:749px; left:543px;"', 0, 1),
(43, 33, 199, 'erg', 'aergaergaer', 'style="top:153px; left:529px;"', 1, 0),
(44, 33, 198, 'ergh', 'ergerge', 'style="top:358px; left:494px;"', 0, 1),
(45, 43, 199, 'e3re3w', 'r3ew2r543e4r34', 'style="top:295px; left:567px;"', 1, 1),
(46, 43, 198, '3r4', '34r343', 'style="top:747px; left:611px;"', 0, 1),
(47, 43, 197, '3r43', 'er434r3', 'style="top:1141px; left:633px;"', 0, 1),
(48, 44, 199, 'ghdrt', 'rthsrth', 'style="top:1141px; left:633px;"', 1, 1),
(49, 44, 100, 'test', 'test test test ', 'style="top:419px; left:586px;"', 1, 1),
(50, 45, 199, 'w54 yw54', 'yw54yw54yw5454w54yw54', 'style="top:150px; left:577px;"', 1, 1),
(51, 0, 99, 'jh', 'drtjhdtyjhdty', 'style="top:242px; left:107px;"', 0, 1),
(52, 0, 98, 'dyjd', 'tyjdtyjdty', 'style="top:259px; left:1086px;"', 0, 1),
(53, 0, 98, 'dty', 'jdtyjdtyj', 'style="top:233px; left:1039px;"', 0, 1),
(54, 0, 99, 'dtyjdty', 'jdtyjdtyj', 'style="top:245px; left:137px;"', 0, 1),
(55, 0, 99, 'rgfaer', 'gaergaergaer', 'style="top:353px; left:1053px;"', 0, 0),
(56, 46, 199, 'ghaser', 'gaergaergaer', 'style="top:230px; left:554px;"', 1, 0),
(57, 44, 99, '4324', '2342342341234', 'style="top:273px; left:1028px;"', 0, 1),
(58, 0, 98, 'thsdrth', 'srthsrthsrthsrt', 'style="top:427px; left:177px;"', 0, 0),
(59, 0, 98, 'shtsrth', 'srthsrthsrthsrthsrt', 'style="top:405px; left:136px;"', 0, 0),
(60, 44, 98, 'zdghnztf', 'jhrtsjhsrtjsrtj', 'style="top:551px; left:78px;"', 0, 1),
(61, 44, 199, 'serh', 'serthserthsrth', 'style="top:131px; left:569px;"', 1, 0),
(62, 47, 199, '11111111111', '111111111111111111111111', 'style="top:171px; left:557px;"', 1, 1),
(63, 47, 198, '222222222', '222222222222', 'style="top:522px; left:596px;"', 0, 1),
(64, 47, 197, '333333333', '3333333333333', 'style="top:834px; left:598px;"', 0, 0),
(65, 48, 199, 'tydjkdty', 'jdtyjdtyjdtyjdty', 'style="top:137px; left:572px;"', 1, 1),
(66, 54, 199, 'Nationality', 'Are yu Indian?', 'style="top:132px; left:342px;"', 1, 0),
(67, 54, 198, 'which is your county', 'Country name?', 'style="top:158px; left:581px;"', 1, 0),
(68, 54, 197, 'site type', 'What do you want to sell on site?', 'style="top:334px; left:285px;"', 0, 1),
(69, 54, 100, 'ABc', 'Hello?', 'style="top:120px; left:822px;"', 1, 1),
(70, 58, 199, '1?', '1?', 'style="top:177px; left:491px;"', 1, 0),
(71, 58, 198, 'problem?', 'problem?', 'style="top:382px; left:725px;"', 0, 0),
(72, 58, 197, '3', '44', 'style="top:491px; left:582px;"', 0, 1),
(73, 58, 196, 'test?', 's', 'style="top:210px; left:314px;"', 1, 0),
(74, 59, 199, 'Mobile app?', 'Mobile app?', 'style="top:156px; left:547px;"', 1, 0),
(75, 61, 199, 'abcd?', 'abcd', 'style="top:118px; left:485px;"', 1, 0),
(76, 64, 199, 'aabbcc', 'aabbcc', 'style="top:136px; left:525px;"', 1, 0),
(77, 64, 198, 'aabbcc22', 'aabbcc22', 'style="top:355px; left:524px;"', 0, 0),
(78, 65, 199, 'oui', 'ouio', 'style="top:356px; left:566px;"', 1, 0),
(79, 66, 199, 'normalques1', 'normalques1', 'style="top:277px; left:538px;"', 1, 0),
(80, 66, 198, 'normalques2', 'normalques2', 'style="top:709px; left:562px;"', 0, 1),
(81, 66, 197, 'normal3', 'normal3', 'style="top:1213px; left:543px;"', 0, 0),
(82, 67, 199, 'aaaaa11111', 'aaaaa11111111', 'style="top:262px; left:513px;"', 1, 1),
(83, 67, 198, 'bbbbbbbbb11111', 'bbbbbbbbbbb1111111111', 'style="top:649px; left:523px;"', 0, 0),
(84, 67, 100, 'dfgfdgf', 'dfgfdgdfg', 'style="top:987px; left:557px;"', 0, 0),
(85, 69, 199, 'fgdsg', 'fdgfdg', 'style="top:352px; left:537px;"', 1, 0),
(86, 71, 199, 'wqewq', 'ewqew', 'style="top:231px; left:538px;"', 1, 0),
(87, 72, 199, 'sdfd', 'gdfgdrfgdf', 'style="top:227px; left:552px;"', 1, 0),
(88, 73, 199, 'rf', 'erftewr', 'style="top:205px; left:559px;"', 1, 0),
(89, 74, 199, 'u657', '56765756', 'style="top:191px; left:561px;"', 1, 0),
(90, 75, 199, '7io7', 'o98789o87', 'style="top:218px; left:511px;"', 1, 0),
(91, 76, 199, '5y6utyu', 'ytuy', 'style="top:167px; left:567px;"', 1, 0),
(92, 77, 199, 'gfhfg', 'hgfhg', 'style="top:147px; left:506px;"', 1, 0),
(93, 66, 100, 'tgfdegtrf', 'detgertret', 'style="top:1547px; left:549px;"', 0, 0),
(94, 86, 199, '595895', '8595959', 'style="top:129px; left:466px;"', 1, 0),
(95, 91, 199, 'tg4r', '64565', 'style="top:126px; left:519px;"', 1, 0),
(96, 92, 199, '6456', '5656', 'style="top:132px; left:495px;"', 1, 0),
(97, 93, 199, 'kjl', 'jghui', 'style="top:179px; left:522px;"', 1, 0),
(98, 93, 198, 'ewrwe', 'rwerwe', 'style="top:482px; left:529px;"', 0, 0),
(99, 93, 100, 'tgyty', 'tryty', 'style="top:857px; left:537px;"', 0, 0),
(100, 94, 199, 'fhjhg', 'ghjhhhhhhhh', 'style="top:132px; left:562px;"', 1, 1),
(101, 95, 199, 'ipio', 'poip', 'style="top:138px; left:546px;"', 1, 1),
(102, 95, 197, 'hipo', 'iopoip', 'style="top:437px; left:574px;"', 0, 1),
(103, 95, 196, 'dfgdf', 'gdgdg', 'style="top:712px; left:554px;"', 0, 0),
(104, 95, 195, 'dfh', 'dfgdfgd', 'style="top:996px; left:554px;"', 0, 0),
(105, 96, 199, 'fdghjgf', 'dhfdhf', 'style="top:176px; left:527px;"', 1, 1),
(106, 96, 198, 'fghgf', 'hghfg', 'style="top:610px; left:532px;"', 0, 1),
(107, 96, 197, 'gfhgf', 'hfghg', 'style="top:882px; left:543px;"', 0, 0),
(108, 96, 196, 'gfhgf', 'hgfdhg', 'style="top:1148px; left:559px;"', 0, 0),
(109, 97, 199, 'jk', 'ujkiuij', 'style="top:152px; left:547px;"', 1, 0),
(110, 97, 198, 'yikju', 'yiyuiyu', 'style="top:383px; left:565px;"', 0, 0),
(111, 98, 199, 'hgjg', 'hjhgj', 'style="top:123px; left:521px;"', 1, 0),
(112, 98, 198, 'hjgf', 'jghjhj', 'style="top:315px; left:523px;"', 0, 0),
(113, 99, 199, 'fdgvfd', 'gfdgf', 'style="top:177px; left:511px;"', 1, 0),
(114, 100, 199, 'rt', 'rtrtr', 'style="top:123px; left:531px;"', 1, 0),
(115, 100, 198, 'dfgdfg', 'dfgdfg', 'style=', 0, 1),
(116, 102, 198, 'This is for test', 'Testing Flow', 'style="top:102px; left:43px;"', 1, 1),
(117, 105, 199, 'Testing App', 'Testing App', 'style=', 1, 0),
(118, 106, 199, 'qawe', 'qwqw', 'style="top:135px; left:528px;"', 1, 0),
(119, 107, 199, 'fhgrt', 'hgfrt', 'style="top:151px; left:592px;"', 1, 0),
(120, 108, 199, 'tyh', 'yth', 'style="top:141px; left:576px;"', 1, 0),
(121, 109, 199, 'uio', 'iuo', 'style="top:124px; left:514px;"', 1, 0),
(122, 110, 199, 'ytu', 'tryu', 'style="top:125px; left:551px;"', 1, 0),
(123, 111, 199, 'dsgf', 'dsfgdgv', 'style="top:149px; left:470px;"', 1, 0),
(124, 111, 198, 'ery', 'ret', 'style="top:400px; left:477px;"', 0, 0),
(125, 116, 198, 'want an app?', 'want an app?', 'style="top:125px; left:285px;"', 1, 0),
(126, 116, 199, 'app platform?', 'app platform?', 'style="top:333px; left:188px;"', 0, 1),
(127, 116, 196, 'Web page?', 'Need a Web page for app?', 'style="top:41px; left:1108px;"', 0, 0),
(128, 61, 100, 'l', 'l', 'style="top:14px; left:33px;"', 1, 0),
(129, 59, 100, 'choose platform', 'choose platform', 'style="top:421px; left:407px;"', 0, 0),
(130, 117, 199, '324r', '343', 'style="top:136px; left:570px;"', 1, 0),
(131, 117, 198, 'tgr', 'tert', 'style="top:382px; left:563px;"', 0, 0),
(132, 118, 199, 'yuikjy', 'iuyi', 'style="top:179px; left:581px;"', 1, 0),
(133, 119, 199, 'iuo', 'uio', 'style="top:121px; left:560px;"', 1, 0),
(134, 119, 198, 'uo', 'uoui', 'style="top:328px; left:580px;"', 0, 1),
(135, 119, 197, 'gchjhjf', 'fgjghjhiuo', 'style=', 0, 0),
(136, 117, 100, 'hfghgf', 'dfhgfhfgh', 'style="top:398px; left:566px;"', 0, 0),
(137, 120, 199, 'gfdh', 'fghf', 'style="top:129px; left:594px;"', 1, 0),
(138, 121, 199, 'sdefr', 'erwe', 'style="top:132px; left:641px;"', 1, 1);

-- --------------------------------------------------------

--
-- Table structure for table `relations`
--

CREATE TABLE IF NOT EXISTS `relations` (
  `id` int(11) NOT NULL AUTO_INCREMENT,
  `option_id` int(11) NOT NULL DEFAULT '0',
  `question_id` int(11) NOT NULL,
  `option_div` int(11) DEFAULT NULL,
  `question_div` int(11) DEFAULT NULL,
  PRIMARY KEY (`id`)
) ENGINE=InnoDB  DEFAULT CHARSET=latin1 AUTO_INCREMENT=257 ;

--
-- Dumping data for table `relations`
--

INSERT INTO `relations` (`id`, `option_id`, `question_id`, `option_div`, `question_div`) VALUES
(1, 0, 1, 200, 199),
(9, 6, 4, 495, 196),
(13, 3, 4, 498, 196),
(14, 0, 5, 200, 199),
(15, 10, 6, 500, 198),
(16, 11, 6, 499, 198),
(17, 12, 6, 498, 198),
(18, 14, 7, 496, 197),
(19, 13, 7, 497, 197),
(20, 15, 7, 495, 197),
(21, 17, 8, 493, 196),
(22, 18, 8, 492, 196),
(23, 16, 8, 494, 196),
(24, 20, 9, 490, 195),
(25, 21, 9, 489, 195),
(26, 19, 9, 491, 195),
(27, 23, 10, 487, 194),
(28, 22, 10, 488, 194),
(29, 24, 10, 486, 194),
(30, 25, 11, 485, 193),
(31, 26, 11, 484, 193),
(32, 27, 11, 483, 193),
(33, 29, 12, 481, 192),
(34, 30, 12, 480, 192),
(35, 28, 12, 482, 192),
(36, 0, 13, 200, 199),
(37, 0, 14, 200, 199),
(38, 36, 15, 500, 198),
(39, 37, 16, 499, 197),
(40, 38, 16, 498, 197),
(41, 39, 17, 497, 196),
(42, 0, 18, 200, 199),
(43, 41, 19, 500, 198),
(44, 0, 20, 200, 199),
(45, 43, 21, 500, 198),
(46, 0, 22, 200, 199),
(47, 45, 23, 500, 198),
(48, 0, 24, 200, 199),
(49, 47, 25, 500, 198),
(50, 48, 25, 499, 198),
(51, 49, 26, 498, 197),
(52, 50, 26, 497, 197),
(53, 0, 27, 200, 199),
(54, 53, 28, 500, 198),
(55, 0, 29, 200, 199),
(56, 55, 30, 500, 198),
(57, 0, 31, 200, 199),
(58, 57, 32, 500, 198),
(59, 58, 33, 499, 197),
(60, 0, 34, 200, 199),
(61, 60, 35, 500, 198),
(64, 0, 38, 200, 199),
(65, 0, 39, 200, 199),
(66, 65, 40, 500, 198),
(67, 0, 41, 200, 199),
(68, 67, 42, 500, 198),
(69, 0, 43, 200, 199),
(71, 2, 2, 499, 198),
(72, 1, 2, 500, 198),
(73, 0, 45, 200, 199),
(74, 70, 46, 500, 198),
(75, 71, 47, 499, 197),
(78, 76, 49, 499, 100),
(79, 75, 49, 500, 100),
(80, 0, 49, 300, 100),
(81, 0, 50, 200, 199),
(82, 80, 51, 299, 99),
(83, 79, 52, 298, 98),
(84, 79, 53, 298, 98),
(85, 80, 54, 299, 99),
(86, 79, 55, 298, 99),
(87, 0, 56, 200, 199),
(88, 79, 57, 298, 99),
(89, 80, 58, 299, 98),
(90, 80, 59, 299, 98),
(91, 80, 60, 299, 98),
(93, 0, 48, 200, 199),
(94, 0, 61, 200, 199),
(95, 0, 62, 200, 199),
(96, 0, 62, 200, 199),
(97, 88, 63, 500, 198),
(98, 89, 63, 499, 198),
(99, 90, 63, 498, 198),
(100, 91, 63, 497, 198),
(101, 92, 63, 496, 198),
(102, 93, 63, 495, 198),
(103, 96, 64, 492, 197),
(104, 97, 64, 491, 197),
(105, 98, 64, 490, 197),
(106, 95, 64, 493, 197),
(107, 94, 64, 494, 197),
(108, 99, 64, 489, 197),
(109, 0, 65, 200, 199),
(112, 105, 67, 499, 198),
(113, 104, 68, 500, 197),
(114, 104, 66, 500, 199),
(115, 105, 66, 499, 199),
(121, 0, 66, 200, 199),
(122, 0, 69, 200, 100),
(123, 0, 70, 200, 199),
(124, 108, 71, 499, 198),
(125, 108, 72, 499, 197),
(126, 0, 73, 200, 196),
(127, 107, 70, 500, 199),
(128, 0, 74, 200, 199),
(129, 0, 74, 200, 199),
(131, 0, 76, 200, 199),
(132, 0, 76, 200, 199),
(136, 0, 78, 200, 199),
(138, 128, 80, 500, 198),
(139, 129, 80, 498, 198),
(140, 130, 80, 497, 198),
(141, 131, 81, 496, 197),
(142, 132, 81, 495, 197),
(143, 133, 81, 494, 197),
(144, 134, 81, 493, 197),
(145, 135, 81, 492, 197),
(146, 0, 82, 200, 199),
(155, 0, 85, 200, 199),
(156, 0, 86, 200, 199),
(157, 0, 87, 200, 199),
(158, 0, 88, 200, 199),
(159, 0, 89, 200, 199),
(160, 0, 90, 200, 199),
(161, 0, 91, 200, 199),
(162, 0, 92, 200, 199),
(163, 155, 93, 300, 100),
(164, 0, 94, 200, 199),
(165, 0, 95, 200, 199),
(166, 0, 96, 200, 199),
(174, 0, 100, 200, 199),
(175, 0, 101, 200, 199),
(182, 168, 103, 493, 196),
(183, 170, 103, 491, 196),
(187, 0, 105, 200, 199),
(188, 178, 106, 500, 198),
(189, 179, 106, 499, 198),
(190, 180, 106, 498, 198),
(191, 181, 106, 497, 198),
(192, 182, 106, 496, 198),
(193, 183, 106, 495, 198),
(194, 184, 107, 494, 197),
(195, 185, 107, 493, 197),
(196, 186, 107, 492, 197),
(197, 187, 107, 491, 197),
(198, 188, 107, 490, 197),
(202, 0, 109, 200, 199),
(203, 195, 110, 500, 198),
(204, 0, 111, 200, 199),
(206, 0, 113, 200, 199),
(207, 0, 114, 200, 199),
(208, 199, 115, 499, 198),
(209, 200, 115, 498, 198),
(210, 198, 115, 500, 198),
(211, 0, 116, 200, 198),
(212, 0, 117, 200, 199),
(213, 200, 117, 200, 199),
(214, 207, 117, 500, 199),
(215, 0, 118, 200, 199),
(216, 0, 119, 200, 199),
(217, 0, 120, 200, 199),
(218, 0, 121, 200, 199),
(219, 0, 122, 200, 199),
(220, 0, 123, 200, 199),
(221, 210, 124, 500, 198),
(222, 211, 124, 499, 198),
(223, 212, 124, 498, 198),
(224, 0, 125, 200, 198),
(225, 216, 126, 500, 199),
(226, 217, 126, 499, 199),
(227, 222, 127, 495, 196),
(228, 219, 127, 498, 196),
(229, 220, 127, 497, 196),
(230, 221, 127, 496, 196),
(231, 0, 128, 200, 100),
(232, 200, 74, 200, 199),
(233, 112, 129, 500, 100),
(234, 0, 130, 200, 199),
(238, 0, 132, 200, 199),
(239, 0, 133, 200, 199),
(240, 236, 134, 500, 198),
(241, 237, 134, 499, 198),
(242, 238, 134, 498, 198),
(243, 236, 134, 500, 198),
(244, 237, 134, 499, 198),
(245, 238, 134, 498, 198),
(246, 239, 135, 497, 197),
(247, 240, 135, 496, 197),
(248, 241, 135, 495, 197),
(249, 242, 135, 494, 197),
(250, 243, 135, 493, 197),
(251, 247, 136, 300, 100),
(252, 248, 136, 299, 100),
(253, 249, 136, 298, 100),
(254, 0, 137, 200, 199),
(255, 200, 130, 200, 199),
(256, 0, 138, 200, 199);

-- --------------------------------------------------------

--
-- Table structure for table `selections`
--

CREATE TABLE IF NOT EXISTS `selections` (
  `id` int(11) NOT NULL AUTO_INCREMENT,
  `customer_id` int(11) NOT NULL,
  `selections` text NOT NULL,
  `is_complete` tinyint(1) NOT NULL,
  `date` timestamp NOT NULL DEFAULT CURRENT_TIMESTAMP ON UPDATE CURRENT_TIMESTAMP,
  PRIMARY KEY (`id`)
) ENGINE=InnoDB  DEFAULT CHARSET=latin1 AUTO_INCREMENT=299 ;

--
-- Dumping data for table `selections`
--

INSERT INTO `selections` (`id`, `customer_id`, `selections`, `is_complete`, `date`) VALUES
(1, 1, 'a:9:{s:9:"serviceid";s:2:"13";s:5:"step2";s:4:"5_11";s:5:"step3";s:4:"6_15";s:5:"step4";s:4:"7_17";s:5:"step5";s:4:"8_21";s:5:"step6";s:4:"9_23";s:5:"step7";s:5:"10_27";s:5:"step8";s:5:"11_29";s:5:"step9";s:5:"12_32";}', 1, '2015-05-06 18:08:41'),
(2, 1, 'a:10:{s:9:"serviceid";s:2:"13";s:5:"step2";s:4:"5_11";s:5:"step3";s:4:"6_15";s:5:"step4";s:4:"7_17";s:5:"step5";s:4:"8_21";s:5:"step6";s:4:"9_23";s:5:"step7";s:5:"10_27";s:5:"step8";s:5:"11_29";s:5:"step9";s:5:"12_32";s:6:"step10";s:5:"12_32";}', 1, '2015-05-06 18:08:44'),
(3, 1, 'a:11:{s:9:"serviceid";s:2:"13";s:5:"step2";s:4:"5_11";s:5:"step3";s:4:"6_15";s:5:"step4";s:4:"7_17";s:5:"step5";s:4:"8_21";s:5:"step6";s:4:"9_23";s:5:"step7";s:5:"10_27";s:5:"step8";s:5:"11_29";s:5:"step9";s:5:"12_32";s:6:"step10";s:5:"12_32";s:6:"step11";s:5:"12_32";}', 1, '2015-05-06 18:26:24'),
(4, 1, 'a:12:{s:9:"serviceid";s:2:"13";s:5:"step2";s:4:"5_11";s:5:"step3";s:4:"6_15";s:5:"step4";s:4:"7_17";s:5:"step5";s:4:"8_21";s:5:"step6";s:4:"9_23";s:5:"step7";s:5:"10_27";s:5:"step8";s:5:"11_29";s:5:"step9";s:5:"12_32";s:6:"step10";s:5:"12_32";s:6:"step11";s:5:"12_32";s:6:"step12";s:5:"12_32";}', 1, '2015-05-06 18:32:32'),
(5, 1, 'a:9:{s:9:"serviceid";s:2:"13";s:5:"step2";s:4:"5_11";s:5:"step3";s:4:"6_14";s:5:"step4";s:4:"7_18";s:5:"step5";s:4:"8_20";s:5:"step6";s:4:"9_22";s:5:"step7";s:5:"10_26";s:5:"step8";s:5:"11_30";s:5:"step9";s:5:"12_32";}', 1, '2015-05-06 18:38:24'),
(6, 1, 'a:9:{s:9:"serviceid";s:2:"13";s:5:"step2";s:4:"5_12";s:5:"step3";s:4:"6_14";s:5:"step4";s:4:"7_16";s:5:"step5";s:4:"8_21";s:5:"step6";s:4:"9_23";s:5:"step7";s:5:"10_25";s:5:"step8";s:5:"11_30";s:5:"step9";s:5:"12_33";}', 1, '2015-05-07 10:25:40'),
(7, 1, 'a:9:{s:9:"serviceid";s:2:"13";s:5:"step2";s:4:"5_11";s:5:"step3";s:4:"6_15";s:5:"step4";s:4:"7_17";s:5:"step5";s:4:"8_19";s:5:"step6";s:4:"9_24";s:5:"step7";s:5:"10_26";s:5:"step8";s:5:"11_29";s:5:"step9";s:5:"12_33";}', 1, '2015-05-07 11:25:46'),
(8, 1, 'a:9:{s:9:"serviceid";s:2:"13";s:5:"step2";s:4:"5_11";s:5:"step3";s:4:"6_14";s:5:"step4";s:4:"7_17";s:5:"step5";s:4:"8_21";s:5:"step6";s:4:"9_23";s:5:"step7";s:5:"10_26";s:5:"step8";s:5:"11_28";s:5:"step9";s:5:"12_32";}', 1, '2015-05-07 11:44:40'),
(9, 1, 'a:10:{s:9:"serviceid";s:2:"13";s:5:"step2";s:4:"5_11";s:5:"step3";s:4:"6_14";s:5:"step4";s:4:"7_17";s:5:"step5";s:4:"8_21";s:5:"step6";s:4:"9_23";s:5:"step7";s:5:"10_26";s:5:"step8";s:5:"11_28";s:5:"step9";s:5:"12_32";s:6:"step10";s:5:"12_32";}', 1, '2015-05-07 11:44:56'),
(10, 1, 'a:11:{s:9:"serviceid";s:2:"13";s:5:"step2";s:4:"5_11";s:5:"step3";s:4:"6_14";s:5:"step4";s:4:"7_17";s:5:"step5";s:4:"8_21";s:5:"step6";s:4:"9_23";s:5:"step7";s:5:"10_26";s:5:"step8";s:5:"11_28";s:5:"step9";s:5:"12_32";s:6:"step10";s:5:"12_32";s:6:"step11";s:5:"12_31";}', 1, '2015-05-07 11:49:44'),
(11, 1, 'a:12:{s:9:"serviceid";s:2:"13";s:5:"step2";s:4:"5_11";s:5:"step3";s:4:"6_14";s:5:"step4";s:4:"7_17";s:5:"step5";s:4:"8_21";s:5:"step6";s:4:"9_23";s:5:"step7";s:5:"10_26";s:5:"step8";s:5:"11_28";s:5:"step9";s:5:"12_32";s:6:"step10";s:5:"12_32";s:6:"step11";s:5:"12_31";s:6:"step12";s:5:"12_32";}', 1, '2015-05-07 11:53:48'),
(12, 1, 'a:13:{s:9:"serviceid";s:2:"13";s:5:"step2";s:4:"5_11";s:5:"step3";s:4:"6_14";s:5:"step4";s:4:"7_17";s:5:"step5";s:4:"8_21";s:5:"step6";s:4:"9_23";s:5:"step7";s:5:"10_26";s:5:"step8";s:5:"11_28";s:5:"step9";s:5:"12_32";s:6:"step10";s:5:"12_32";s:6:"step11";s:5:"12_31";s:6:"step12";s:5:"12_32";s:6:"step13";s:5:"12_32";}', 1, '2015-05-07 11:53:50'),
(13, 1, 'a:9:{s:9:"serviceid";s:2:"13";s:5:"step2";s:4:"5_10";s:5:"step3";s:4:"6_15";s:5:"step4";s:4:"7_17";s:5:"step5";s:4:"8_19";s:5:"step6";s:4:"9_24";s:5:"step7";s:5:"10_26";s:5:"step8";s:5:"11_28";s:5:"step9";s:5:"12_33";}', 1, '2015-05-07 11:54:40'),
(14, 1, 'a:10:{s:9:"serviceid";s:2:"13";s:5:"step2";s:4:"5_10";s:5:"step3";s:4:"6_15";s:5:"step4";s:4:"7_17";s:5:"step5";s:4:"8_19";s:5:"step6";s:4:"9_24";s:5:"step7";s:5:"10_26";s:5:"step8";s:5:"11_28";s:5:"step9";s:5:"12_33";s:6:"step10";s:5:"12_31";}', 1, '2015-05-07 11:55:26'),
(15, 1, 'a:9:{s:9:"serviceid";s:2:"13";s:5:"step2";s:4:"5_12";s:5:"step3";s:4:"6_15";s:5:"step4";s:4:"7_16";s:5:"step5";s:4:"8_19";s:5:"step6";s:4:"9_23";s:5:"step7";s:5:"10_25";s:5:"step8";s:5:"11_29";s:5:"step9";s:5:"12_32";}', 1, '2015-05-07 11:56:26'),
(16, 1, 'a:9:{s:9:"serviceid";s:2:"13";s:5:"step2";s:4:"5_11";s:5:"step3";s:4:"6_15";s:5:"step4";s:4:"7_16";s:5:"step5";s:4:"8_21";s:5:"step6";s:4:"9_22";s:5:"step7";s:5:"10_26";s:5:"step8";s:5:"11_28";s:5:"step9";s:5:"12_32";}', 1, '2015-05-07 12:05:50'),
(17, 1, 'a:9:{s:9:"serviceid";s:2:"13";s:5:"step2";s:4:"5_10";s:5:"step3";s:4:"6_13";s:5:"step4";s:4:"7_16";s:5:"step5";s:4:"8_21";s:5:"step6";s:4:"9_22";s:5:"step7";s:5:"10_26";s:5:"step8";s:5:"11_29";s:5:"step9";s:5:"12_32";}', 1, '2015-05-11 14:41:42'),
(18, 1, 'a:3:{s:9:"serviceid";s:2:"18";s:5:"step2";s:5:"22_45";s:5:"step3";s:5:"23_46";}', 1, '2015-05-11 14:42:29'),
(19, 1, 'a:10:{s:9:"serviceid";s:1:"1";s:5:"step2";s:1:"0";s:5:"step3";N;s:5:"step4";N;s:5:"step5";N;s:5:"step6";N;s:5:"step7";N;s:5:"step8";N;s:5:"step9";N;s:6:"step10";s:3:"1_8";}', 1, '2015-05-11 17:43:57'),
(20, 1, 'a:10:{s:9:"serviceid";s:1:"1";s:5:"step2";s:1:"0";s:5:"step3";N;s:5:"step4";N;s:5:"step5";N;s:5:"step6";N;s:5:"step7";N;s:5:"step8";N;s:5:"step9";N;s:6:"step10";s:3:"1_8";}', 1, '2015-05-11 17:45:30'),
(21, 1, 'a:11:{s:9:"serviceid";s:1:"1";s:5:"step2";s:1:"0";s:5:"step3";N;s:5:"step4";N;s:5:"step5";N;s:5:"step6";N;s:5:"step7";N;s:5:"step8";N;s:5:"step9";N;s:6:"step10";s:3:"1_8";s:6:"step11";s:3:"1_8";}', 1, '2015-05-11 17:45:35'),
(22, 1, 'a:3:{s:9:"serviceid";s:1:"1";s:5:"step2";s:3:"1_3";s:5:"step3";s:3:"1_7";}', 1, '2015-05-11 18:55:35'),
(23, 1, 'a:3:{s:9:"serviceid";s:1:"1";s:5:"step2";s:3:"1_3";s:5:"step3";s:3:"1_4";}', 1, '2015-05-11 18:59:25'),
(24, 1, 'a:3:{s:9:"serviceid";s:1:"1";s:5:"step2";s:3:"1_3";s:5:"step3";s:3:"1_7";}', 1, '2015-05-12 10:25:57'),
(25, 1, 'a:3:{s:9:"serviceid";s:1:"1";s:5:"step2";s:3:"1_3";s:5:"step3";s:3:"1_7";}', 1, '2015-05-12 11:05:30'),
(26, 1, 'a:5:{s:9:"serviceid";s:2:"47";s:5:"step2";s:5:"62_90";s:5:"step3";s:5:"63_94";s:5:"step4";s:5:"63_95";s:5:"step5";s:6:"64_102";}', 1, '2015-05-12 11:23:00'),
(27, 1, 'a:6:{s:9:"serviceid";s:2:"47";s:5:"step2";s:5:"62_89";s:5:"step3";s:5:"62_93";s:5:"step4";s:5:"63_95";s:5:"step5";s:5:"63_97";s:5:"step6";s:6:"64_101";}', 1, '2015-05-12 15:04:46'),
(28, 1, 'a:7:{s:9:"serviceid";s:2:"47";s:5:"step2";s:5:"62_91";s:5:"step3";s:5:"62_89";s:5:"step4";s:5:"62_93";s:5:"step5";s:5:"63_97";s:5:"step6";s:5:"63_95";s:5:"step7";s:6:"64_101";}', 1, '2015-05-12 15:42:02'),
(29, 1, 'a:2:{s:9:"serviceid";s:2:"47";s:5:"step2";s:6:"64_100";}', 1, '2015-05-12 15:54:06'),
(30, 1, 'a:6:{s:9:"serviceid";s:2:"47";s:5:"step2";s:5:"62_88";s:5:"step3";s:5:"62_93";s:5:"step4";s:5:"63_94";s:5:"step5";s:5:"63_95";s:5:"step6";s:6:"64_100";}', 1, '2015-05-13 15:45:27'),
(31, 1, 'a:6:{s:9:"serviceid";s:2:"47";s:5:"step2";s:5:"62_90";s:5:"step3";s:5:"62_89";s:5:"step4";s:5:"63_94";s:5:"step5";s:5:"63_95";s:5:"step6";s:6:"64_101";}', 1, '2015-05-13 15:51:02'),
(32, 1, 'a:6:{s:9:"serviceid";s:2:"47";s:5:"step2";s:5:"62_88";s:5:"step3";s:5:"62_89";s:5:"step4";s:5:"63_94";s:5:"step5";s:5:"63_95";s:5:"step6";s:6:"64_100";}', 1, '2015-05-14 11:37:05'),
(33, 1, 'a:6:{s:9:"serviceid";s:2:"47";s:5:"step2";s:5:"62_88";s:5:"step3";s:5:"62_89";s:5:"step4";s:5:"63_94";s:5:"step5";s:5:"63_95";s:5:"step6";s:6:"64_100";}', 1, '2015-05-14 11:44:25'),
(34, 1, 'a:6:{s:9:"serviceid";s:2:"47";s:5:"step2";s:5:"62_88";s:5:"step3";s:5:"62_89";s:5:"step4";s:5:"63_94";s:5:"step5";s:5:"63_95";s:5:"step6";s:6:"64_100";}', 1, '2015-05-14 11:44:32'),
(35, 1, 'a:6:{s:9:"serviceid";s:2:"47";s:5:"step2";s:5:"62_88";s:5:"step3";s:5:"62_89";s:5:"step4";s:5:"63_94";s:5:"step5";s:5:"63_95";s:5:"step6";s:6:"64_100";}', 1, '2015-05-14 11:47:44'),
(36, 1, 'a:6:{s:9:"serviceid";s:2:"47";s:5:"step2";s:5:"62_88";s:5:"step3";s:5:"62_89";s:5:"step4";s:5:"63_94";s:5:"step5";s:5:"63_95";s:5:"step6";s:6:"64_100";}', 1, '2015-05-14 11:47:48'),
(37, 1, 'a:6:{s:9:"serviceid";s:2:"47";s:5:"step2";s:5:"62_88";s:5:"step3";s:5:"62_89";s:5:"step4";s:5:"63_94";s:5:"step5";s:5:"63_95";s:5:"step6";s:6:"64_100";}', 1, '2015-05-14 11:49:42'),
(38, 1, 'a:6:{s:9:"serviceid";s:2:"47";s:5:"step2";s:5:"62_88";s:5:"step3";s:5:"62_89";s:5:"step4";s:5:"63_94";s:5:"step5";s:5:"63_95";s:5:"step6";s:6:"64_100";}', 1, '2015-05-14 11:52:10'),
(39, 1, 'a:6:{s:9:"serviceid";s:2:"47";s:5:"step2";s:5:"62_88";s:5:"step3";s:5:"62_89";s:5:"step4";s:5:"63_94";s:5:"step5";s:5:"63_95";s:5:"step6";s:6:"64_100";}', 1, '2015-05-14 12:00:38'),
(40, 1, 'a:6:{s:9:"serviceid";s:2:"47";s:5:"step2";s:5:"62_88";s:5:"step3";s:5:"62_89";s:5:"step4";s:5:"63_94";s:5:"step5";s:5:"63_95";s:5:"step6";s:6:"64_100";}', 1, '2015-05-14 12:03:24'),
(41, 1, 'a:6:{s:9:"serviceid";s:2:"47";s:5:"step2";s:5:"62_88";s:5:"step3";s:5:"62_89";s:5:"step4";s:5:"63_94";s:5:"step5";s:5:"63_95";s:5:"step6";s:6:"64_100";}', 1, '2015-05-14 12:35:21'),
(42, 1, 'a:6:{s:9:"serviceid";s:2:"47";s:5:"step2";s:5:"62_88";s:5:"step3";s:5:"62_89";s:5:"step4";s:5:"63_94";s:5:"step5";s:5:"63_95";s:5:"step6";s:6:"64_100";}', 1, '2015-05-14 12:36:57'),
(43, 1, 'a:6:{s:9:"serviceid";s:2:"47";s:5:"step2";s:5:"62_88";s:5:"step3";s:5:"62_89";s:5:"step4";s:5:"63_94";s:5:"step5";s:5:"63_95";s:5:"step6";s:6:"64_100";}', 1, '2015-05-14 13:00:28'),
(44, 1, 'a:6:{s:9:"serviceid";s:2:"47";s:5:"step2";s:5:"62_88";s:5:"step3";s:5:"62_89";s:5:"step4";s:5:"63_94";s:5:"step5";s:5:"63_95";s:5:"step6";s:6:"64_100";}', 1, '2015-05-14 13:05:58'),
(45, 1, 'a:6:{s:9:"serviceid";s:2:"47";s:5:"step2";s:5:"62_88";s:5:"step3";s:5:"62_89";s:5:"step4";s:5:"63_94";s:5:"step5";s:5:"63_95";s:5:"step6";s:6:"64_100";}', 1, '2015-05-14 13:06:02'),
(46, 1, 'a:6:{s:9:"serviceid";s:2:"47";s:5:"step2";s:5:"62_88";s:5:"step3";s:5:"62_89";s:5:"step4";s:5:"63_94";s:5:"step5";s:5:"63_95";s:5:"step6";s:6:"64_100";}', 1, '2015-05-14 13:07:30'),
(47, 1, 'a:6:{s:9:"serviceid";s:2:"47";s:5:"step2";s:5:"62_88";s:5:"step3";s:5:"62_89";s:5:"step4";s:5:"63_94";s:5:"step5";s:5:"63_95";s:5:"step6";s:6:"64_100";}', 1, '2015-05-14 13:07:34'),
(48, 1, 'a:6:{s:9:"serviceid";s:2:"47";s:5:"step2";s:5:"62_88";s:5:"step3";s:5:"62_89";s:5:"step4";s:5:"63_94";s:5:"step5";s:5:"63_95";s:5:"step6";s:6:"64_100";}', 1, '2015-05-14 13:10:51'),
(49, 1, 'a:6:{s:9:"serviceid";s:2:"47";s:5:"step2";s:5:"62_88";s:5:"step3";s:5:"62_89";s:5:"step4";s:5:"63_94";s:5:"step5";s:5:"63_95";s:5:"step6";s:6:"64_100";}', 1, '2015-05-14 13:11:48'),
(50, 1, 'a:6:{s:9:"serviceid";s:2:"47";s:5:"step2";s:5:"62_89";s:5:"step3";s:5:"62_90";s:5:"step4";s:5:"63_95";s:5:"step5";s:5:"63_96";s:5:"step6";s:6:"64_101";}', 1, '2015-05-14 13:13:23'),
(51, 1, 'a:6:{s:9:"serviceid";s:2:"47";s:5:"step2";s:5:"62_89";s:5:"step3";s:5:"62_90";s:5:"step4";s:5:"63_95";s:5:"step5";s:5:"63_96";s:5:"step6";s:6:"64_101";}', 1, '2015-05-14 13:16:57'),
(52, 1, 'a:6:{s:9:"serviceid";s:2:"47";s:5:"step2";s:5:"62_89";s:5:"step3";s:5:"62_90";s:5:"step4";s:5:"63_95";s:5:"step5";s:5:"63_96";s:5:"step6";s:6:"64_101";}', 1, '2015-05-14 13:17:02'),
(53, 1, 'a:6:{s:9:"serviceid";s:2:"47";s:5:"step2";s:5:"62_89";s:5:"step3";s:5:"62_90";s:5:"step4";s:5:"63_95";s:5:"step5";s:5:"63_96";s:5:"step6";s:6:"64_101";}', 1, '2015-05-14 13:28:36'),
(54, 1, 'a:6:{s:9:"serviceid";s:2:"47";s:5:"step2";s:5:"62_89";s:5:"step3";s:5:"62_90";s:5:"step4";s:5:"63_95";s:5:"step5";s:5:"63_96";s:5:"step6";s:6:"64_101";}', 1, '2015-05-14 13:31:00'),
(55, 1, 'a:6:{s:9:"serviceid";s:2:"47";s:5:"step2";s:5:"62_89";s:5:"step3";s:5:"62_90";s:5:"step4";s:5:"63_95";s:5:"step5";s:5:"63_96";s:5:"step6";s:6:"64_101";}', 1, '2015-05-14 13:35:04'),
(56, 1, 'a:6:{s:9:"serviceid";s:2:"47";s:5:"step2";s:5:"62_89";s:5:"step3";s:5:"62_90";s:5:"step4";s:5:"63_95";s:5:"step5";s:5:"63_96";s:5:"step6";s:6:"64_101";}', 1, '2015-05-14 13:35:25'),
(57, 1, 'a:6:{s:9:"serviceid";s:2:"47";s:5:"step2";s:5:"62_89";s:5:"step3";s:5:"62_90";s:5:"step4";s:5:"63_95";s:5:"step5";s:5:"63_96";s:5:"step6";s:6:"64_101";}', 1, '2015-05-14 13:35:27'),
(58, 1, 'a:6:{s:9:"serviceid";s:2:"47";s:5:"step2";s:5:"62_89";s:5:"step3";s:5:"62_90";s:5:"step4";s:5:"63_95";s:5:"step5";s:5:"63_96";s:5:"step6";s:6:"64_101";}', 1, '2015-05-14 13:36:19'),
(59, 1, 'a:6:{s:9:"serviceid";s:2:"47";s:5:"step2";s:5:"62_89";s:5:"step3";s:5:"62_90";s:5:"step4";s:5:"63_95";s:5:"step5";s:5:"63_96";s:5:"step6";s:6:"64_101";}', 1, '2015-05-14 13:38:10'),
(60, 1, 'a:6:{s:9:"serviceid";s:2:"47";s:5:"step2";s:5:"62_88";s:5:"step3";s:5:"62_89";s:5:"step4";s:5:"63_94";s:5:"step5";s:5:"63_95";s:5:"step6";s:6:"64_100";}', 1, '2015-05-14 14:37:10'),
(61, 1, 'a:6:{s:9:"serviceid";s:2:"47";s:5:"step2";s:5:"62_89";s:5:"step3";s:5:"62_90";s:5:"step4";s:5:"63_95";s:5:"step5";s:5:"63_96";s:5:"step6";s:6:"64_101";}', 1, '2015-05-14 14:39:54'),
(62, 1, 'a:6:{s:9:"serviceid";s:2:"47";s:5:"step2";s:5:"62_89";s:5:"step3";s:5:"62_90";s:5:"step4";s:5:"63_95";s:5:"step5";s:5:"63_96";s:5:"step6";s:6:"64_101";}', 1, '2015-05-14 14:44:31'),
(63, 1, 'a:6:{s:9:"serviceid";s:2:"47";s:5:"step2";s:5:"62_89";s:5:"step3";s:5:"62_90";s:5:"step4";s:5:"63_95";s:5:"step5";s:5:"63_96";s:5:"step6";s:6:"64_101";}', 1, '2015-05-14 14:44:37'),
(64, 1, 'a:6:{s:9:"serviceid";s:2:"47";s:5:"step2";s:5:"62_89";s:5:"step3";s:5:"62_90";s:5:"step4";s:5:"63_95";s:5:"step5";s:5:"63_96";s:5:"step6";s:6:"64_101";}', 1, '2015-05-14 14:46:27'),
(65, 1, 'a:6:{s:9:"serviceid";s:2:"47";s:5:"step2";s:5:"62_89";s:5:"step3";s:5:"62_90";s:5:"step4";s:5:"63_95";s:5:"step5";s:5:"63_96";s:5:"step6";s:6:"64_101";}', 1, '2015-05-14 14:49:13'),
(66, 1, 'a:6:{s:9:"serviceid";s:2:"47";s:5:"step2";s:5:"62_89";s:5:"step3";s:5:"62_90";s:5:"step4";s:5:"63_95";s:5:"step5";s:5:"63_96";s:5:"step6";s:6:"64_101";}', 1, '2015-05-14 14:49:19'),
(67, 1, 'a:6:{s:9:"serviceid";s:2:"47";s:5:"step2";s:5:"62_89";s:5:"step3";s:5:"62_90";s:5:"step4";s:5:"63_95";s:5:"step5";s:5:"63_96";s:5:"step6";s:6:"64_101";}', 1, '2015-05-14 14:50:52'),
(68, 1, 'a:6:{s:9:"serviceid";s:2:"47";s:5:"step2";s:5:"62_89";s:5:"step3";s:5:"62_90";s:5:"step4";s:5:"63_95";s:5:"step5";s:5:"63_96";s:5:"step6";s:6:"64_101";}', 1, '2015-05-14 14:52:23'),
(69, 1, 'a:6:{s:9:"serviceid";s:2:"47";s:5:"step2";s:5:"62_89";s:5:"step3";s:5:"62_90";s:5:"step4";s:5:"63_95";s:5:"step5";s:5:"63_96";s:5:"step6";s:6:"64_101";}', 1, '2015-05-14 14:52:25'),
(70, 1, 'a:6:{s:9:"serviceid";s:2:"47";s:5:"step2";s:5:"62_89";s:5:"step3";s:5:"62_90";s:5:"step4";s:5:"63_95";s:5:"step5";s:5:"63_96";s:5:"step6";s:6:"64_101";}', 1, '2015-05-14 14:52:33'),
(71, 1, 'a:6:{s:9:"serviceid";s:2:"47";s:5:"step2";s:5:"62_89";s:5:"step3";s:5:"62_90";s:5:"step4";s:5:"63_95";s:5:"step5";s:5:"63_96";s:5:"step6";s:6:"64_101";}', 1, '2015-05-14 14:53:51'),
(72, 1, 'a:6:{s:9:"serviceid";s:2:"47";s:5:"step2";s:5:"62_89";s:5:"step3";s:5:"62_90";s:5:"step4";s:5:"63_95";s:5:"step5";s:5:"63_96";s:5:"step6";s:6:"64_101";}', 1, '2015-05-14 14:58:49'),
(73, 1, 'a:6:{s:9:"serviceid";s:2:"47";s:5:"step2";s:5:"62_89";s:5:"step3";s:5:"62_90";s:5:"step4";s:5:"63_95";s:5:"step5";s:5:"63_96";s:5:"step6";s:6:"64_101";}', 1, '2015-05-14 14:59:42'),
(74, 1, 'a:6:{s:9:"serviceid";s:2:"47";s:5:"step2";s:5:"62_89";s:5:"step3";s:5:"62_90";s:5:"step4";s:5:"63_95";s:5:"step5";s:5:"63_96";s:5:"step6";s:6:"64_101";}', 1, '2015-05-14 15:01:05'),
(75, 1, 'a:6:{s:9:"serviceid";s:2:"47";s:5:"step2";s:5:"62_89";s:5:"step3";s:5:"62_90";s:5:"step4";s:5:"63_95";s:5:"step5";s:5:"63_96";s:5:"step6";s:6:"64_101";}', 1, '2015-05-14 15:01:24'),
(76, 1, 'a:6:{s:9:"serviceid";s:2:"47";s:5:"step2";s:5:"62_89";s:5:"step3";s:5:"62_90";s:5:"step4";s:5:"63_95";s:5:"step5";s:5:"63_96";s:5:"step6";s:6:"64_101";}', 1, '2015-05-14 15:02:11'),
(77, 1, 'a:6:{s:9:"serviceid";s:2:"47";s:5:"step2";s:5:"62_89";s:5:"step3";s:5:"62_90";s:5:"step4";s:5:"63_95";s:5:"step5";s:5:"63_96";s:5:"step6";s:6:"64_101";}', 1, '2015-05-14 15:02:18'),
(78, 1, 'a:6:{s:9:"serviceid";s:2:"47";s:5:"step2";s:5:"62_89";s:5:"step3";s:5:"62_90";s:5:"step4";s:5:"63_95";s:5:"step5";s:5:"63_96";s:5:"step6";s:6:"64_101";}', 1, '2015-05-14 15:03:06'),
(79, 1, 'a:6:{s:9:"serviceid";s:2:"47";s:5:"step2";s:5:"62_89";s:5:"step3";s:5:"62_90";s:5:"step4";s:5:"63_95";s:5:"step5";s:5:"63_96";s:5:"step6";s:6:"64_101";}', 1, '2015-05-14 15:04:02'),
(80, 1, 'a:10:{s:9:"serviceid";s:2:"47";s:5:"step2";s:5:"62_88";s:5:"step3";s:5:"62_89";s:5:"step4";s:5:"62_90";s:5:"step5";s:5:"62_91";s:5:"step6";s:5:"63_94";s:5:"step7";s:5:"63_95";s:5:"step8";s:5:"63_96";s:5:"step9";s:5:"63_97";s:6:"step10";s:6:"64_100";}', 1, '2015-05-14 15:05:19'),
(81, 1, 'a:8:{s:9:"serviceid";s:2:"47";s:5:"step2";s:5:"62_88";s:5:"step3";s:5:"62_89";s:5:"step4";s:5:"62_91";s:5:"step5";s:5:"63_95";s:5:"step6";s:5:"63_99";s:5:"step7";s:5:"63_96";s:5:"step8";s:6:"64_101";}', 1, '2015-05-14 15:32:58'),
(82, 1, 'a:7:{s:9:"serviceid";s:2:"47";s:5:"step2";s:5:"62_89";s:5:"step3";s:5:"62_90";s:5:"step4";s:5:"62_93";s:5:"step5";s:5:"63_95";s:5:"step6";s:5:"63_96";s:5:"step7";s:6:"64_101";}', 1, '2015-05-14 16:25:45'),
(83, 1, 'a:8:{s:9:"serviceid";s:2:"47";s:5:"step2";s:5:"62_89";s:5:"step3";s:5:"62_90";s:5:"step4";s:5:"62_93";s:5:"step5";s:5:"63_95";s:5:"step6";s:5:"63_96";s:5:"step7";s:5:"63_98";s:5:"step8";s:6:"64_100";}', 1, '2015-05-14 16:26:45'),
(84, 1, 'a:6:{s:9:"serviceid";s:2:"47";s:5:"step2";s:5:"62_89";s:5:"step3";s:5:"62_90";s:5:"step4";s:5:"63_95";s:5:"step5";s:5:"63_96";s:5:"step6";s:6:"64_101";}', 1, '2015-05-14 16:29:10'),
(85, 1, 'a:6:{s:9:"serviceid";s:2:"47";s:5:"step2";s:5:"62_89";s:5:"step3";s:5:"62_88";s:5:"step4";s:5:"63_95";s:5:"step5";s:5:"63_96";s:5:"step6";s:6:"64_101";}', 1, '2015-05-14 16:30:27'),
(86, 1, 'a:6:{s:9:"serviceid";s:2:"47";s:5:"step2";s:5:"62_88";s:5:"step3";s:5:"62_89";s:5:"step4";s:5:"63_95";s:5:"step5";s:5:"63_96";s:5:"step6";s:6:"64_101";}', 1, '2015-05-14 16:33:32'),
(87, 1, 'a:6:{s:9:"serviceid";s:2:"47";s:5:"step2";s:5:"62_88";s:5:"step3";s:5:"62_89";s:5:"step4";s:5:"63_95";s:5:"step5";s:5:"63_96";s:5:"step6";s:6:"64_101";}', 1, '2015-05-14 16:34:43'),
(88, 1, 'a:6:{s:9:"serviceid";s:2:"47";s:5:"step2";s:5:"62_89";s:5:"step3";s:5:"62_88";s:5:"step4";s:5:"63_95";s:5:"step5";s:5:"63_96";s:5:"step6";s:6:"64_101";}', 1, '2015-05-14 16:35:48'),
(89, 1, 'a:8:{s:9:"serviceid";s:2:"47";s:5:"step2";s:5:"62_89";s:5:"step3";s:12:"undefined_47";s:5:"step4";s:5:"62_89";s:5:"step5";s:5:"62_90";s:5:"step6";s:5:"63_95";s:5:"step7";s:5:"63_96";s:5:"step8";s:6:"64_101";}', 1, '2015-05-14 16:38:07'),
(90, 1, 'a:1:{s:9:"serviceid";s:2:"47";}', 1, '2015-05-14 17:03:04'),
(91, 1, 'a:8:{s:9:"serviceid";s:2:"47";s:5:"step2";s:5:"62_88";s:5:"step3";s:5:"62_88";s:5:"step4";s:5:"62_93";s:5:"step5";s:5:"62_89";s:5:"step6";s:5:"63_95";s:5:"step7";s:5:"63_96";s:5:"step8";s:6:"64_101";}', 1, '2015-05-14 17:44:51'),
(92, 1, 'a:5:{s:9:"serviceid";s:2:"47";s:5:"step2";s:5:"62_90";s:5:"step3";s:5:"62_93";s:5:"step4";s:5:"63_99";s:5:"step5";s:6:"64_101";}', 1, '2015-05-14 18:43:48'),
(93, 1, 'a:4:{s:9:"serviceid";s:2:"47";s:5:"step2";s:5:"62_90";s:5:"step3";s:5:"63_99";s:5:"step4";s:6:"64_101";}', 1, '2015-05-14 18:46:18'),
(94, 1, 'a:6:{s:9:"serviceid";s:2:"47";s:5:"step2";s:5:"62_89";s:5:"step3";s:5:"62_90";s:5:"step4";s:5:"63_95";s:5:"step5";s:5:"63_96";s:5:"step6";s:6:"64_101";}', 1, '2015-05-14 18:47:42'),
(95, 1, 'a:6:{s:9:"serviceid";s:2:"47";s:5:"step2";s:5:"62_89";s:5:"step3";s:5:"62_88";s:5:"step4";s:5:"63_95";s:5:"step5";s:5:"63_97";s:5:"step6";s:6:"64_101";}', 1, '2015-05-14 18:48:52'),
(96, 1, 'a:6:{s:9:"serviceid";s:2:"47";s:5:"step2";s:5:"62_88";s:5:"step3";s:5:"62_93";s:5:"step4";s:5:"63_94";s:5:"step5";s:5:"63_97";s:5:"step6";s:6:"64_100";}', 1, '2015-05-14 18:50:01'),
(97, 1, 'a:6:{s:9:"serviceid";s:2:"47";s:5:"step2";s:5:"62_90";s:5:"step3";s:5:"62_91";s:5:"step4";s:5:"63_99";s:5:"step5";s:5:"63_95";s:5:"step6";s:6:"64_100";}', 1, '2015-05-14 18:51:10'),
(98, 1, 'a:4:{s:9:"serviceid";s:2:"47";s:5:"step2";s:5:"62_93";s:5:"step3";s:5:"63_96";s:5:"step4";s:6:"64_101";}', 1, '2015-05-14 18:52:31'),
(99, 1, 'a:4:{s:9:"serviceid";s:2:"47";s:5:"step2";s:5:"62_93";s:5:"step3";s:5:"63_96";s:5:"step4";s:6:"64_101";}', 1, '2015-05-14 18:55:04'),
(100, 1, 'a:5:{s:9:"serviceid";s:2:"47";s:5:"step2";s:5:"62_90";s:5:"step3";s:5:"62_93";s:5:"step4";s:5:"63_99";s:5:"step5";s:6:"64_101";}', 1, '2015-05-14 18:56:34'),
(101, 1, 'a:6:{s:9:"serviceid";s:2:"47";s:5:"step2";s:5:"62_90";s:5:"step3";s:5:"62_93";s:5:"step4";s:5:"63_95";s:5:"step5";s:5:"63_99";s:5:"step6";s:6:"64_101";}', 1, '2015-05-14 19:03:48'),
(102, 1, 'a:6:{s:9:"serviceid";s:2:"47";s:5:"step2";s:5:"62_90";s:5:"step3";s:5:"62_93";s:5:"step4";s:5:"63_95";s:5:"step5";s:5:"63_99";s:5:"step6";s:6:"64_101";}', 1, '2015-05-14 19:05:33'),
(103, 1, 'a:6:{s:9:"serviceid";s:2:"47";s:5:"step2";s:5:"62_90";s:5:"step3";s:5:"62_93";s:5:"step4";s:5:"63_95";s:5:"step5";s:5:"63_96";s:5:"step6";s:6:"64_101";}', 1, '2015-05-14 19:07:00'),
(104, 1, 'a:15:{s:9:"serviceid";s:2:"13";s:5:"step2";s:4:"5_11";s:5:"step3";s:4:"5_12";s:5:"step4";s:4:"6_14";s:5:"step5";s:4:"6_15";s:5:"step6";s:4:"7_17";s:5:"step7";s:4:"7_18";s:5:"step8";s:4:"8_19";s:5:"step9";s:4:"8_21";s:6:"step10";s:4:"9_23";s:6:"step11";s:4:"9_24";s:6:"step12";s:5:"10_26";s:6:"step13";s:5:"11_29";s:6:"step14";s:5:"12_32";s:6:"step15";s:5:"12_31";}', 1, '2015-05-15 10:21:26'),
(105, 1, 'a:11:{s:9:"serviceid";s:2:"13";s:5:"step2";s:4:"5_10";s:5:"step3";s:4:"5_11";s:5:"step4";s:4:"6_14";s:5:"step5";s:4:"7_16";s:5:"step6";s:4:"8_19";s:5:"step7";s:4:"9_22";s:5:"step8";s:4:"9_23";s:5:"step9";s:5:"10_25";s:6:"step10";s:5:"11_28";s:6:"step11";s:5:"12_31";}', 1, '2015-05-15 10:36:05'),
(106, 1, 'a:17:{s:9:"serviceid";s:2:"59";s:5:"step2";s:6:"74_114";s:5:"step3";s:6:"74_113";s:5:"step4";s:6:"74_113";s:5:"step5";s:6:"74_113";s:5:"step6";s:6:"74_114";s:5:"step7";s:6:"74_113";s:5:"step8";s:6:"74_114";s:5:"step9";s:6:"74_113";s:6:"step10";s:6:"74_114";s:6:"step11";s:6:"74_113";s:6:"step12";s:6:"74_114";s:6:"step13";s:6:"74_113";s:6:"step14";s:6:"74_114";s:6:"step15";s:6:"74_114";s:6:"step16";s:12:"undefined_59";s:6:"step17";s:6:"74_114";}', 1, '2015-05-15 12:58:54'),
(107, 1, 'a:10:{s:9:"serviceid";s:2:"47";s:5:"step2";s:5:"62_89";s:5:"step3";s:5:"62_89";s:5:"step4";s:5:"62_89";s:5:"step5";s:5:"62_88";s:5:"step6";s:5:"62_92";s:5:"step7";s:5:"62_92";s:5:"step8";s:5:"62_92";s:5:"step9";s:5:"63_94";s:6:"step10";s:6:"64_101";}', 1, '2015-05-15 13:04:24'),
(108, 1, 'a:2:{s:9:"serviceid";s:2:"59";s:5:"step2";s:6:"74_114";}', 1, '2015-05-15 13:06:10'),
(109, 1, 'a:2:{s:9:"serviceid";s:2:"61";s:5:"step2";s:6:"75_115";}', 1, '2015-05-15 13:26:12'),
(110, 1, 'a:2:{s:9:"serviceid";s:2:"61";s:5:"step2";s:6:"75_115";}', 1, '2015-05-15 13:28:31'),
(111, 1, 'a:2:{s:9:"serviceid";s:2:"61";s:5:"step2";s:6:"75_115";}', 1, '2015-05-15 13:28:35'),
(112, 1, 'a:2:{s:9:"serviceid";s:2:"61";s:5:"step2";s:6:"75_116";}', 1, '2015-05-15 14:32:05'),
(113, 1, 'a:29:{s:9:"serviceid";s:2:"56";s:5:"step2";s:12:"undefined_56";s:5:"step3";s:12:"undefined_56";s:5:"step4";s:12:"undefined_56";s:5:"step5";s:12:"undefined_56";s:5:"step6";s:12:"undefined_56";s:5:"step7";s:12:"undefined_13";s:5:"step8";s:4:"5_11";s:5:"step9";s:4:"5_12";s:6:"step10";s:4:"5_12";s:6:"step11";s:4:"5_12";s:6:"step12";s:4:"6_15";s:6:"step13";s:4:"7_16";s:6:"step14";s:4:"7_18";s:6:"step15";s:4:"7_17";s:6:"step16";s:4:"8_19";s:6:"step17";s:4:"8_19";s:6:"step18";s:4:"9_23";s:6:"step19";s:4:"9_22";s:6:"step20";s:4:"9_24";s:6:"step21";s:5:"10_25";s:6:"step22";s:5:"10_26";s:6:"step23";s:5:"10_27";s:6:"step24";s:5:"11_28";s:6:"step25";s:5:"11_29";s:6:"step26";s:5:"11_30";s:6:"step27";s:5:"12_32";s:6:"step28";s:5:"12_33";s:6:"step29";s:5:"12_34";}', 1, '2015-05-15 14:33:55'),
(114, 1, 'a:2:{s:9:"serviceid";s:2:"61";s:5:"step2";s:6:"75_116";}', 1, '2015-05-15 15:00:06'),
(115, 1, 'a:4:{s:9:"serviceid";s:2:"18";s:5:"step2";s:5:"22_45";s:5:"step3";s:5:"23_46";s:5:"step4";s:5:"23_46";}', 1, '2015-05-15 15:06:59'),
(116, 1, 'a:2:{s:9:"serviceid";s:2:"61";s:5:"step2";s:6:"75_116";}', 1, '2015-05-15 15:12:55'),
(117, 1, 'a:2:{s:9:"serviceid";s:2:"61";s:5:"step2";s:6:"75_116";}', 1, '2015-05-15 18:39:03'),
(118, 1, 'a:2:{s:9:"serviceid";s:2:"61";s:5:"step2";s:6:"75_116";}', 1, '2015-05-16 10:33:32'),
(119, 1, 'a:2:{s:9:"serviceid";s:2:"61";s:5:"step2";s:6:"75_115";}', 1, '2015-05-16 11:36:56'),
(120, 1, 'a:2:{s:9:"serviceid";s:2:"61";s:5:"step2";s:6:"75_116";}', 1, '2015-05-16 11:39:37'),
(121, 1, 'a:2:{s:9:"serviceid";s:2:"61";s:5:"step2";s:6:"75_115";}', 1, '2015-05-16 11:41:08'),
(122, 1, 'a:2:{s:9:"serviceid";s:2:"61";s:5:"step2";s:6:"75_115";}', 1, '2015-05-16 11:42:26'),
(123, 1, 'a:3:{s:9:"serviceid";s:2:"61";s:5:"step2";s:6:"75_115";s:5:"step3";s:6:"75_115";}', 1, '2015-05-16 11:42:35'),
(124, 1, 'a:3:{s:9:"serviceid";s:2:"61";s:5:"step2";s:6:"75_115";s:5:"step3";s:6:"75_115";}', 1, '2015-05-16 11:42:40'),
(125, 1, 'a:2:{s:9:"serviceid";s:2:"61";s:5:"step2";s:6:"75_116";}', 1, '2015-05-16 11:45:01'),
(126, 1, 'a:2:{s:9:"serviceid";s:2:"61";s:5:"step2";s:6:"75_116";}', 1, '2015-05-18 14:58:38'),
(127, 1, 'a:5:{s:9:"serviceid";s:2:"96";s:5:"step2";s:7:"105_183";s:5:"step3";s:7:"106_188";s:5:"step4";s:7:"106_187";s:5:"step5";s:7:"107_191";}', 1, '2015-05-19 18:07:44'),
(128, 1, 'a:5:{s:9:"serviceid";s:2:"96";s:5:"step2";s:7:"105_180";s:5:"step3";s:7:"105_183";s:5:"step4";s:7:"106_185";s:5:"step5";s:7:"107_191";}', 1, '2015-05-19 18:44:28'),
(129, 1, 'a:3:{s:9:"serviceid";s:3:"100";s:5:"step2";s:7:"114_199";s:5:"step3";s:7:"115_203";}', 1, '2015-05-19 18:55:27'),
(130, 1, 'a:4:{s:9:"serviceid";s:3:"100";s:5:"step2";s:7:"114_199";s:5:"step3";s:7:"115_202";s:5:"step4";s:7:"115_205";}', 1, '2015-05-19 19:08:18'),
(131, 1, 'a:4:{s:9:"serviceid";s:3:"100";s:5:"step2";s:7:"114_199";s:5:"step3";s:7:"115_202";s:5:"step4";s:7:"115_205";}', 1, '2015-05-19 19:13:23'),
(132, 1, 'a:5:{s:9:"serviceid";s:3:"100";s:5:"step2";s:7:"114_199";s:5:"step3";s:7:"115_202";s:5:"step4";s:7:"115_204";s:5:"step5";s:7:"115_203";}', 1, '2015-05-20 10:12:53'),
(133, 1, 'a:4:{s:9:"serviceid";s:3:"100";s:5:"step2";s:7:"114_199";s:5:"step3";s:7:"115_203";s:5:"step4";s:7:"115_205";}', 1, '2015-05-20 12:45:39'),
(134, 1, 'a:4:{s:9:"serviceid";s:3:"100";s:5:"step2";s:7:"114_198";s:5:"step3";s:7:"115_203";s:5:"step4";s:7:"115_204";}', 1, '2015-05-20 12:50:00'),
(135, 1, 'a:4:{s:9:"serviceid";s:3:"100";s:5:"step2";s:7:"114_198";s:5:"step3";s:7:"115_203";s:5:"step4";s:7:"115_204";}', 1, '2015-05-20 12:56:21'),
(136, 1, 'a:4:{s:9:"serviceid";s:3:"100";s:5:"step2";s:7:"114_198";s:5:"step3";s:7:"115_203";s:5:"step4";s:7:"115_204";}', 1, '2015-05-20 12:59:58'),
(137, 1, 'a:4:{s:9:"serviceid";s:3:"100";s:5:"step2";s:7:"114_199";s:5:"step3";s:7:"115_203";s:5:"step4";s:7:"115_204";}', 1, '2015-05-20 13:07:17'),
(138, 1, 'a:4:{s:9:"serviceid";s:3:"100";s:5:"step2";s:7:"114_198";s:5:"step3";s:7:"115_203";s:5:"step4";s:7:"115_202";}', 1, '2015-05-20 13:07:37'),
(139, 1, 'a:4:{s:9:"serviceid";s:3:"100";s:5:"step2";s:7:"114_198";s:5:"step3";s:7:"115_203";s:5:"step4";s:7:"115_204";}', 1, '2015-05-20 13:10:28'),
(140, 1, 'a:4:{s:9:"serviceid";s:3:"100";s:5:"step2";s:7:"114_198";s:5:"step3";s:7:"115_203";s:5:"step4";s:7:"115_204";}', 1, '2015-05-20 13:10:32'),
(141, 1, 'a:4:{s:9:"serviceid";s:3:"100";s:5:"step2";s:7:"114_198";s:5:"step3";s:7:"115_203";s:5:"step4";s:7:"115_204";}', 1, '2015-05-20 13:13:18'),
(142, 1, 'a:4:{s:9:"serviceid";s:3:"100";s:5:"step2";s:7:"114_198";s:5:"step3";s:7:"115_203";s:5:"step4";s:7:"115_204";}', 1, '2015-05-20 13:14:23'),
(143, 1, 'a:4:{s:9:"serviceid";s:3:"100";s:5:"step2";s:7:"114_198";s:5:"step3";s:7:"115_203";s:5:"step4";s:7:"115_204";}', 1, '2015-05-20 13:18:38'),
(144, 1, 'a:4:{s:9:"serviceid";s:3:"100";s:5:"step2";s:7:"114_198";s:5:"step3";s:7:"115_203";s:5:"step4";s:7:"115_204";}', 1, '2015-05-20 13:19:24'),
(145, 1, 'a:4:{s:9:"serviceid";s:3:"100";s:5:"step2";s:7:"114_198";s:5:"step3";s:7:"115_203";s:5:"step4";s:7:"115_204";}', 1, '2015-05-20 13:20:07'),
(146, 1, 'a:4:{s:9:"serviceid";s:3:"100";s:5:"step2";s:7:"114_198";s:5:"step3";s:7:"115_203";s:5:"step4";s:7:"115_204";}', 1, '2015-05-20 13:23:15'),
(147, 1, 'a:4:{s:9:"serviceid";s:3:"100";s:5:"step2";s:7:"114_198";s:5:"step3";s:7:"115_203";s:5:"step4";s:7:"115_204";}', 1, '2015-05-20 13:28:45'),
(148, 1, 'a:4:{s:9:"serviceid";s:3:"100";s:5:"step2";s:7:"114_198";s:5:"step3";s:7:"115_203";s:5:"step4";s:7:"115_204";}', 1, '2015-05-20 13:30:37'),
(149, 1, 'a:4:{s:9:"serviceid";s:3:"100";s:5:"step2";s:7:"114_198";s:5:"step3";s:7:"115_203";s:5:"step4";s:7:"115_204";}', 1, '2015-05-20 13:33:30'),
(150, 1, 'a:4:{s:9:"serviceid";s:3:"100";s:5:"step2";s:7:"114_198";s:5:"step3";s:7:"115_203";s:5:"step4";s:7:"115_204";}', 1, '2015-05-20 13:33:42'),
(151, 1, 'a:10:{s:9:"serviceid";s:2:"13";s:5:"step2";s:4:"5_10";s:5:"step3";s:4:"6_15";s:5:"step4";s:4:"7_16";s:5:"step5";s:4:"7_18";s:5:"step6";s:4:"8_19";s:5:"step7";s:4:"9_22";s:5:"step8";s:5:"10_26";s:5:"step9";s:5:"11_28";s:6:"step10";s:5:"12_32";}', 1, '2015-05-20 14:21:13'),
(152, 1, 'a:4:{s:9:"serviceid";s:3:"100";s:5:"step2";s:7:"114_198";s:5:"step3";s:7:"115_203";s:5:"step4";s:7:"115_202";}', 1, '2015-05-20 14:31:53'),
(153, 1, 'a:4:{s:9:"serviceid";s:3:"100";s:5:"step2";s:7:"114_198";s:5:"step3";s:7:"115_203";s:5:"step4";s:7:"115_202";}', 1, '2015-05-20 14:33:39'),
(154, 1, 'a:4:{s:9:"serviceid";s:3:"100";s:5:"step2";s:7:"114_198";s:5:"step3";s:7:"115_203";s:5:"step4";s:7:"115_202";}', 1, '2015-05-20 14:35:49'),
(155, 1, 'a:4:{s:9:"serviceid";s:3:"100";s:5:"step2";s:7:"114_198";s:5:"step3";s:7:"115_203";s:5:"step4";s:7:"115_202";}', 1, '2015-05-20 14:35:56'),
(156, 1, 'a:4:{s:9:"serviceid";s:3:"100";s:5:"step2";s:7:"114_198";s:5:"step3";s:7:"115_203";s:5:"step4";s:7:"115_202";}', 1, '2015-05-20 14:37:09'),
(157, 1, 'a:4:{s:9:"serviceid";s:3:"100";s:5:"step2";s:7:"114_198";s:5:"step3";s:7:"115_202";s:5:"step4";s:7:"115_203";}', 1, '2015-05-20 14:37:39'),
(158, 1, 'a:4:{s:9:"serviceid";s:3:"100";s:5:"step2";s:7:"114_198";s:5:"step3";s:7:"115_203";s:5:"step4";s:7:"115_202";}', 1, '2015-05-20 14:39:52'),
(159, 1, 'a:4:{s:9:"serviceid";s:3:"100";s:5:"step2";s:7:"114_198";s:5:"step3";s:7:"115_202";s:5:"step4";s:7:"115_203";}', 1, '2015-05-20 14:42:18'),
(160, 1, 'a:4:{s:9:"serviceid";s:3:"100";s:5:"step2";s:7:"114_198";s:5:"step3";s:7:"115_203";s:5:"step4";s:7:"115_202";}', 1, '2015-05-20 14:45:45'),
(161, 1, 'a:4:{s:9:"serviceid";s:3:"100";s:5:"step2";s:7:"114_198";s:5:"step3";s:7:"115_203";s:5:"step4";s:7:"115_202";}', 1, '2015-05-20 14:48:44'),
(162, 1, 'a:9:{s:9:"serviceid";s:2:"13";s:5:"step2";s:4:"5_10";s:5:"step3";s:4:"6_15";s:5:"step4";s:4:"7_16";s:5:"step5";s:4:"8_19";s:5:"step6";s:4:"9_23";s:5:"step7";s:5:"10_26";s:5:"step8";s:5:"11_28";s:5:"step9";s:5:"12_32";}', 1, '2015-05-20 14:50:48'),
(163, 1, 'a:9:{s:9:"serviceid";s:2:"13";s:5:"step2";s:4:"5_10";s:5:"step3";s:4:"6_15";s:5:"step4";s:4:"7_16";s:5:"step5";s:4:"8_19";s:5:"step6";s:4:"9_22";s:5:"step7";s:5:"10_25";s:5:"step8";s:5:"11_29";s:5:"step9";s:5:"12_31";}', 1, '2015-05-20 14:53:01'),
(164, 1, 'a:4:{s:9:"serviceid";s:3:"100";s:5:"step2";s:7:"114_198";s:5:"step3";s:7:"115_203";s:5:"step4";s:7:"115_202";}', 1, '2015-05-20 15:07:55'),
(165, 1, 'a:4:{s:9:"serviceid";s:3:"100";s:5:"step2";s:7:"114_198";s:5:"step3";s:7:"115_203";s:5:"step4";s:7:"115_202";}', 1, '2015-05-20 15:07:58'),
(166, 1, 'a:4:{s:9:"serviceid";s:3:"100";s:5:"step2";s:7:"114_198";s:5:"step3";s:7:"115_203";s:5:"step4";s:7:"115_202";}', 1, '2015-05-20 15:16:21'),
(167, 1, 'a:4:{s:9:"serviceid";s:3:"100";s:5:"step2";s:7:"114_198";s:5:"step3";s:7:"115_203";s:5:"step4";s:7:"115_202";}', 1, '2015-05-20 15:16:27'),
(168, 1, 'a:4:{s:9:"serviceid";s:3:"100";s:5:"step2";s:7:"114_198";s:5:"step3";s:7:"115_203";s:5:"step4";s:7:"115_202";}', 1, '2015-05-20 15:20:38'),
(169, 1, 'a:4:{s:9:"serviceid";s:3:"100";s:5:"step2";s:7:"114_198";s:5:"step3";s:7:"115_203";s:5:"step4";s:7:"115_202";}', 1, '2015-05-20 15:20:44'),
(170, 1, 'a:4:{s:9:"serviceid";s:3:"100";s:5:"step2";s:7:"114_198";s:5:"step3";s:7:"115_203";s:5:"step4";s:7:"115_202";}', 1, '2015-05-20 15:28:26'),
(171, 1, 'a:4:{s:9:"serviceid";s:3:"100";s:5:"step2";s:7:"114_198";s:5:"step3";s:7:"115_203";s:5:"step4";s:7:"115_202";}', 1, '2015-05-20 15:28:53'),
(172, 1, 'a:4:{s:9:"serviceid";s:3:"100";s:5:"step2";s:7:"114_198";s:5:"step3";s:7:"115_203";s:5:"step4";s:7:"115_202";}', 1, '2015-05-20 15:29:50'),
(173, 1, 'a:4:{s:9:"serviceid";s:3:"100";s:5:"step2";s:7:"114_198";s:5:"step3";s:7:"115_203";s:5:"step4";s:7:"115_202";}', 1, '2015-05-20 15:30:17'),
(174, 1, 'a:4:{s:9:"serviceid";s:3:"100";s:5:"step2";s:7:"114_198";s:5:"step3";s:7:"115_203";s:5:"step4";s:7:"115_202";}', 1, '2015-05-20 15:30:35'),
(175, 1, 'a:4:{s:9:"serviceid";s:3:"100";s:5:"step2";s:7:"114_198";s:5:"step3";s:7:"115_203";s:5:"step4";s:7:"115_202";}', 1, '2015-05-20 15:32:09'),
(176, 1, 'a:4:{s:9:"serviceid";s:3:"100";s:5:"step2";s:7:"114_198";s:5:"step3";s:7:"115_203";s:5:"step4";s:7:"115_202";}', 1, '2015-05-20 15:33:44'),
(177, 1, 'a:4:{s:9:"serviceid";s:3:"100";s:5:"step2";s:7:"114_198";s:5:"step3";s:7:"115_203";s:5:"step4";s:7:"115_202";}', 1, '2015-05-20 15:34:30'),
(178, 1, 'a:4:{s:9:"serviceid";s:3:"100";s:5:"step2";s:7:"114_198";s:5:"step3";s:7:"115_203";s:5:"step4";s:7:"115_202";}', 1, '2015-05-20 15:35:02'),
(179, 1, 'a:4:{s:9:"serviceid";s:3:"100";s:5:"step2";s:7:"114_198";s:5:"step3";s:7:"115_203";s:5:"step4";s:7:"115_202";}', 1, '2015-05-20 15:35:40'),
(180, 1, 'a:4:{s:9:"serviceid";s:3:"100";s:5:"step2";s:7:"114_198";s:5:"step3";s:7:"115_203";s:5:"step4";s:7:"115_202";}', 1, '2015-05-20 15:38:05'),
(181, 1, 'a:4:{s:9:"serviceid";s:3:"100";s:5:"step2";s:7:"114_198";s:5:"step3";s:7:"115_203";s:5:"step4";s:7:"115_202";}', 1, '2015-05-20 15:39:31'),
(182, 1, 'a:4:{s:9:"serviceid";s:3:"100";s:5:"step2";s:7:"114_198";s:5:"step3";s:7:"115_203";s:5:"step4";s:7:"115_202";}', 1, '2015-05-20 15:41:07'),
(183, 1, 'a:4:{s:9:"serviceid";s:3:"100";s:5:"step2";s:7:"114_198";s:5:"step3";s:7:"115_203";s:5:"step4";s:7:"115_202";}', 1, '2015-05-20 15:41:49'),
(184, 1, 'a:4:{s:9:"serviceid";s:3:"100";s:5:"step2";s:7:"114_198";s:5:"step3";s:7:"115_203";s:5:"step4";s:7:"115_202";}', 1, '2015-05-20 15:42:02'),
(185, 1, 'a:4:{s:9:"serviceid";s:3:"100";s:5:"step2";s:7:"114_198";s:5:"step3";s:7:"115_203";s:5:"step4";s:7:"115_202";}', 1, '2015-05-20 15:42:19'),
(186, 1, 'a:4:{s:9:"serviceid";s:3:"100";s:5:"step2";s:7:"114_198";s:5:"step3";s:7:"115_203";s:5:"step4";s:7:"115_202";}', 1, '2015-05-20 15:43:03'),
(187, 1, 'a:4:{s:9:"serviceid";s:3:"100";s:5:"step2";s:7:"114_198";s:5:"step3";s:7:"115_203";s:5:"step4";s:7:"115_202";}', 1, '2015-05-20 15:50:42'),
(188, 1, 'a:4:{s:9:"serviceid";s:3:"100";s:5:"step2";s:7:"114_198";s:5:"step3";s:7:"115_203";s:5:"step4";s:7:"115_202";}', 1, '2015-05-20 15:52:05'),
(189, 1, 'a:9:{s:9:"serviceid";s:2:"13";s:5:"step2";s:4:"5_10";s:5:"step3";s:4:"6_15";s:5:"step4";s:4:"7_16";s:5:"step5";s:4:"8_19";s:5:"step6";s:4:"9_22";s:5:"step7";s:5:"10_25";s:5:"step8";s:5:"11_28";s:5:"step9";s:5:"12_32";}', 1, '2015-05-20 15:52:43'),
(190, 1, 'a:3:{s:9:"serviceid";s:3:"105";s:5:"step2";s:13:"undefined_105";s:5:"step3";s:7:"117_207";}', 1, '2015-05-21 12:19:48'),
(191, 1, 'a:4:{s:9:"serviceid";s:3:"105";s:5:"step2";s:7:"117_207";s:5:"step3";s:7:"117_207";s:5:"step4";s:7:"117_208";}', 1, '2015-05-21 12:20:10'),
(192, 1, 'a:5:{s:9:"serviceid";s:3:"105";s:5:"step2";s:7:"117_207";s:5:"step3";s:7:"117_207";s:5:"step4";s:7:"117_207";s:5:"step5";s:7:"117_207";}', 1, '2015-05-21 12:21:00'),
(193, 1, 'a:2:{s:9:"serviceid";s:3:"105";s:5:"step2";s:7:"117_208";}', 1, '2015-05-21 12:21:49'),
(194, 1, 'a:3:{s:9:"serviceid";s:3:"105";s:5:"step2";s:7:"117_207";s:5:"step3";s:7:"117_207";}', 1, '2015-05-21 12:22:44'),
(195, 1, 'a:2:{s:9:"serviceid";s:3:"105";s:5:"step2";s:7:"117_207";}', 1, '2015-05-21 12:23:02'),
(196, 1, 'a:13:{s:9:"serviceid";s:2:"13";s:5:"step2";s:4:"5_10";s:5:"step3";s:4:"5_10";s:5:"step4";s:4:"5_10";s:5:"step5";s:4:"6_13";s:5:"step6";s:4:"7_18";s:5:"step7";s:4:"8_19";s:5:"step8";s:4:"9_22";s:5:"step9";s:5:"10_25";s:6:"step10";s:5:"11_28";s:6:"step11";s:5:"12_32";s:6:"step12";s:5:"12_34";s:6:"step13";s:5:"12_34";}', 1, '2015-05-21 12:23:33'),
(197, 1, 'a:2:{s:9:"serviceid";s:3:"105";s:5:"step2";s:7:"117_207";}', 1, '2015-05-21 12:46:21'),
(198, 1, 'a:14:{s:9:"serviceid";s:2:"13";s:5:"step2";s:4:"5_10";s:5:"step3";s:3:"0_0";s:5:"step4";s:4:"5_12";s:5:"step5";s:4:"6_13";s:5:"step6";s:4:"6_15";s:5:"step7";s:4:"7_16";s:5:"step8";s:3:"0_0";s:5:"step9";s:4:"7_17";s:6:"step10";s:4:"8_21";s:6:"step11";s:4:"9_22";s:6:"step12";s:5:"10_27";s:6:"step13";s:5:"11_30";s:6:"step14";s:5:"12_34";}', 1, '2015-05-22 16:47:39'),
(199, 1, 'a:11:{s:9:"serviceid";s:2:"13";s:5:"step2";s:3:"0_0";s:5:"step3";s:4:"5_10";s:5:"step4";s:4:"5_12";s:5:"step5";s:4:"6_13";s:5:"step6";s:4:"7_16";s:5:"step7";s:4:"8_21";s:5:"step8";s:4:"9_22";s:5:"step9";s:5:"10_27";s:6:"step10";s:5:"11_30";s:6:"step11";s:5:"12_34";}', 1, '2015-05-22 16:55:21'),
(200, 1, 'a:9:{s:9:"serviceid";s:2:"11";s:5:"step2";s:4:"5_12";s:5:"step3";s:4:"6_15";s:5:"step4";s:4:"7_16";s:5:"step5";s:4:"8_21";s:5:"step6";s:4:"9_24";s:5:"step7";s:5:"10_27";s:5:"step8";s:5:"11_30";s:5:"step9";s:5:"12_31";}', 1, '2015-05-25 15:29:48'),
(201, 1, 'a:9:{s:9:"serviceid";s:2:"11";s:5:"step2";s:4:"5_12";s:5:"step3";s:4:"6_15";s:5:"step4";s:4:"7_16";s:5:"step5";s:4:"8_21";s:5:"step6";s:4:"9_24";s:5:"step7";s:5:"10_27";s:5:"step8";s:5:"11_30";s:5:"step9";s:5:"12_31";}', 1, '2015-05-25 15:29:58'),
(202, 1, 'a:9:{s:9:"serviceid";s:2:"11";s:5:"step2";s:4:"5_12";s:5:"step3";s:4:"6_15";s:5:"step4";s:4:"7_16";s:5:"step5";s:4:"8_21";s:5:"step6";s:4:"9_24";s:5:"step7";s:5:"10_27";s:5:"step8";s:5:"11_30";s:5:"step9";s:5:"12_31";}', 1, '2015-05-25 15:31:38'),
(203, 1, 'a:9:{s:9:"serviceid";s:2:"11";s:5:"step2";s:4:"5_12";s:5:"step3";s:4:"6_15";s:5:"step4";s:4:"7_16";s:5:"step5";s:4:"8_21";s:5:"step6";s:4:"9_24";s:5:"step7";s:5:"10_27";s:5:"step8";s:5:"11_30";s:5:"step9";s:5:"12_31";}', 1, '2015-05-25 15:32:09'),
(204, 1, 'a:9:{s:9:"serviceid";s:2:"11";s:5:"step2";s:4:"5_12";s:5:"step3";s:4:"6_15";s:5:"step4";s:4:"7_16";s:5:"step5";s:4:"8_21";s:5:"step6";s:4:"9_24";s:5:"step7";s:5:"10_27";s:5:"step8";s:5:"11_30";s:5:"step9";s:5:"12_31";}', 1, '2015-05-25 15:32:44'),
(205, 1, 'a:11:{s:9:"serviceid";s:2:"11";s:5:"step2";s:4:"5_12";s:5:"step3";s:3:"0_0";s:5:"step4";s:4:"6_15";s:5:"step5";s:4:"7_16";s:5:"step6";s:4:"8_21";s:5:"step7";s:4:"9_24";s:5:"step8";s:5:"10_27";s:5:"step9";s:5:"11_30";s:6:"step10";s:5:"12_31";s:6:"step11";s:5:"12_34";}', 1, '2015-05-25 15:34:16'),
(206, 1, 'a:13:{s:9:"serviceid";s:2:"13";s:5:"step2";s:3:"0_0";s:5:"step3";s:12:"undefined_13";s:5:"step4";s:3:"0_0";s:5:"step5";s:4:"5_11";s:5:"step6";s:4:"5_12";s:5:"step7";s:4:"6_15";s:5:"step8";s:4:"7_16";s:5:"step9";s:4:"8_21";s:6:"step10";s:4:"9_24";s:6:"step11";s:5:"10_27";s:6:"step12";s:5:"11_30";s:6:"step13";s:5:"12_31";}', 1, '2015-05-25 15:37:22'),
(207, 1, 'a:13:{s:9:"serviceid";s:2:"13";s:5:"step2";s:3:"0_0";s:5:"step3";s:12:"undefined_13";s:5:"step4";s:3:"0_0";s:5:"step5";s:4:"5_11";s:5:"step6";s:4:"5_12";s:5:"step7";s:4:"6_15";s:5:"step8";s:4:"7_16";s:5:"step9";s:4:"8_21";s:6:"step10";s:4:"9_24";s:6:"step11";s:5:"10_27";s:6:"step12";s:5:"11_30";s:6:"step13";s:5:"12_31";}', 1, '2015-05-25 15:37:30'),
(208, 1, 'a:13:{s:9:"serviceid";s:2:"13";s:5:"step2";s:3:"0_0";s:5:"step3";s:12:"undefined_13";s:5:"step4";s:3:"0_0";s:5:"step5";s:4:"5_11";s:5:"step6";s:4:"5_12";s:5:"step7";s:4:"6_15";s:5:"step8";s:4:"7_16";s:5:"step9";s:4:"8_21";s:6:"step10";s:4:"9_24";s:6:"step11";s:5:"10_27";s:6:"step12";s:5:"11_30";s:6:"step13";s:5:"12_31";}', 1, '2015-05-25 15:39:05'),
(209, 1, 'a:10:{s:9:"serviceid";s:2:"13";s:5:"step2";s:4:"5_11";s:5:"step3";s:4:"5_10";s:5:"step4";s:4:"6_15";s:5:"step5";s:4:"7_16";s:5:"step6";s:4:"8_21";s:5:"step7";s:4:"9_24";s:5:"step8";s:5:"10_27";s:5:"step9";s:5:"11_30";s:6:"step10";s:5:"12_31";}', 1, '2015-05-25 15:56:17'),
(210, 1, 'a:9:{s:9:"serviceid";s:2:"13";s:5:"step2";s:4:"5_11";s:5:"step3";s:4:"6_14";s:5:"step4";s:4:"7_16";s:5:"step5";s:4:"8_21";s:5:"step6";s:4:"9_24";s:5:"step7";s:5:"10_27";s:5:"step8";s:5:"11_29";s:5:"step9";s:5:"12_31";}', 1, '2015-05-25 16:00:47'),
(211, 1, 'a:8:{s:9:"serviceid";s:2:"10";s:5:"step2";s:4:"6_15";s:5:"step3";s:4:"7_16";s:5:"step4";s:4:"7_18";s:5:"step5";s:4:"8_21";s:5:"step6";s:5:"10_27";s:5:"step7";s:5:"11_29";s:5:"step8";s:5:"12_31";}', 1, '2015-05-25 16:03:50'),
(212, 1, 'a:8:{s:9:"serviceid";s:2:"10";s:5:"step2";s:4:"6_15";s:5:"step3";s:4:"7_16";s:5:"step4";s:4:"7_18";s:5:"step5";s:4:"8_21";s:5:"step6";s:5:"10_27";s:5:"step7";s:5:"11_29";s:5:"step8";s:5:"12_31";}', 1, '2015-05-25 16:03:52'),
(213, 1, 'a:3:{s:9:"serviceid";s:2:"67";s:5:"step2";s:6:"82_141";s:5:"step3";s:6:"82_140";}', 1, '2015-05-25 16:42:13'),
(214, 1, 'a:10:{s:9:"serviceid";s:2:"13";s:5:"step2";s:4:"5_10";s:5:"step3";s:4:"5_12";s:5:"step4";s:4:"6_14";s:5:"step5";s:4:"7_18";s:5:"step6";s:4:"8_21";s:5:"step7";s:4:"9_22";s:5:"step8";s:5:"10_27";s:5:"step9";s:5:"11_30";s:6:"step10";s:5:"12_34";}', 1, '2015-05-25 16:43:16'),
(215, 1, 'a:10:{s:9:"serviceid";s:2:"13";s:5:"step2";s:4:"5_10";s:5:"step3";s:4:"5_12";s:5:"step4";s:4:"6_15";s:5:"step5";s:4:"7_16";s:5:"step6";s:4:"8_21";s:5:"step7";s:4:"9_22";s:5:"step8";s:5:"10_27";s:5:"step9";s:5:"11_30";s:6:"step10";s:5:"12_31";}', 1, '2015-05-25 16:46:48'),
(216, 1, 'a:9:{s:9:"serviceid";s:2:"13";s:5:"step2";s:4:"5_10";s:5:"step3";s:4:"6_15";s:5:"step4";s:4:"7_16";s:5:"step5";s:4:"8_21";s:5:"step6";s:4:"9_22";s:5:"step7";s:5:"10_27";s:5:"step8";s:5:"11_30";s:5:"step9";s:5:"12_31";}', 1, '2015-05-25 16:49:04'),
(217, 1, 'a:12:{s:9:"serviceid";s:2:"13";s:5:"step2";s:4:"5_10";s:5:"step3";s:4:"6_15";s:5:"step4";s:4:"7_16";s:5:"step5";s:4:"8_21";s:5:"step6";s:4:"9_24";s:5:"step7";s:5:"10_27";s:5:"step8";s:5:"11_30";s:5:"step9";s:5:"12_31";s:6:"step10";s:5:"10_27";s:6:"step11";s:5:"11_30";s:6:"step12";s:5:"12_31";}', 1, '2015-05-25 16:49:55'),
(218, 1, 'a:3:{s:9:"serviceid";s:3:"111";s:5:"step2";s:7:"123_210";s:5:"step3";s:7:"124_213";}', 1, '2015-05-26 13:19:14'),
(219, 1, 'a:1:{s:9:"serviceid";s:3:"215";}', 1, '2015-05-26 14:53:19'),
(220, 1, 'a:2:{s:9:"serviceid";s:3:"215";s:5:"step2";s:7:"124_215";}', 1, '2015-05-26 14:53:26'),
(221, 1, 'a:12:{s:9:"serviceid";s:2:"13";s:5:"step2";s:4:"5_10";s:5:"step3";s:4:"5_11";s:5:"step4";s:4:"7_16";s:5:"step5";s:4:"7_17";s:5:"step6";s:4:"8_21";s:5:"step7";s:4:"9_24";s:5:"step8";s:5:"10_27";s:5:"step9";s:5:"11_28";s:6:"step10";s:5:"12_31";s:6:"step11";s:5:"12_32";s:6:"step12";s:5:"12_34";}', 1, '2015-05-28 12:39:03'),
(222, 1, 'a:12:{s:9:"serviceid";s:2:"13";s:5:"step2";s:4:"5_10";s:5:"step3";s:4:"5_11";s:5:"step4";s:4:"6_14";s:5:"step5";s:4:"7_16";s:5:"step6";s:4:"7_17";s:5:"step7";s:4:"8_21";s:5:"step8";s:4:"9_24";s:5:"step9";s:5:"10_27";s:6:"step10";s:5:"11_30";s:6:"step11";s:5:"12_31";s:6:"step12";s:5:"12_32";}', 1, '2015-05-28 12:55:59'),
(223, 1, 'a:7:{s:9:"serviceid";s:3:"116";s:5:"step2";s:7:"125_216";s:5:"step3";s:7:"126_218";s:5:"step4";s:7:"126_219";s:5:"step5";s:7:"126_220";s:5:"step6";s:7:"126_221";s:5:"step7";s:7:"126_219";}', 1, '2015-05-29 15:22:40'),
(224, 1, 'a:2:{s:9:"serviceid";s:3:"219";s:5:"step2";s:7:"126_221";}', 1, '2015-05-29 15:43:59'),
(225, 1, 'a:2:{s:9:"serviceid";s:3:"116";s:5:"step2";s:7:"125_217";}', 1, '2015-05-29 15:49:31'),
(226, 1, 'a:2:{s:9:"serviceid";s:3:"116";s:5:"step2";s:7:"125_216";}', 1, '2015-05-29 15:50:51'),
(227, 1, 'a:2:{s:9:"serviceid";s:3:"116";s:5:"step2";s:7:"125_216";}', 1, '2015-05-29 16:03:59'),
(228, 1, 'a:3:{s:9:"serviceid";s:3:"116";s:5:"step2";s:7:"125_216";s:5:"step3";s:7:"126_219";}', 1, '2015-05-29 16:27:03'),
(229, 1, 'a:4:{s:9:"serviceid";s:3:"116";s:5:"step2";s:7:"125_216";s:5:"step3";s:7:"126_219";s:5:"step4";s:7:"126_220";}', 1, '2015-05-29 16:35:41'),
(230, 1, 'a:2:{s:9:"serviceid";s:3:"116";s:5:"step2";s:7:"125_216";}', 1, '2015-05-29 16:36:41'),
(231, 1, 'a:1:{s:9:"serviceid";s:3:"116";}', 1, '2015-05-29 16:41:55'),
(232, 1, 'a:1:{s:9:"serviceid";s:3:"117";}', 1, '2015-05-29 16:41:57'),
(233, 1, 'a:2:{s:9:"serviceid";s:3:"117";s:5:"step2";s:6:"75_117";}', 1, '2015-05-29 16:41:59'),
(234, 1, 'a:2:{s:9:"serviceid";s:3:"217";s:5:"step2";s:7:"126_219";}', 1, '2015-05-29 16:42:50'),
(235, 1, 'a:3:{s:9:"serviceid";s:3:"116";s:5:"step2";s:7:"125_216";s:5:"step3";s:7:"126_220";}', 1, '2015-05-29 16:43:09'),
(236, 1, 'a:1:{s:9:"serviceid";s:3:"220";}', 1, '2015-05-29 16:43:45'),
(237, 1, 'a:1:{s:9:"serviceid";s:3:"220";}', 1, '2015-05-29 16:43:48'),
(238, 1, 'a:1:{s:9:"serviceid";s:3:"220";}', 1, '2015-05-29 16:43:49'),
(239, 1, 'a:1:{s:9:"serviceid";s:3:"220";}', 1, '2015-05-29 16:43:50'),
(240, 1, 'a:1:{s:9:"serviceid";s:3:"220";}', 1, '2015-05-29 16:43:50'),
(241, 1, 'a:1:{s:9:"serviceid";s:3:"220";}', 1, '2015-05-29 16:43:50'),
(242, 1, 'a:1:{s:9:"serviceid";s:3:"220";}', 1, '2015-05-29 16:43:51'),
(243, 1, 'a:1:{s:9:"serviceid";s:3:"220";}', 1, '2015-05-29 16:44:04'),
(244, 1, 'a:1:{s:9:"serviceid";s:3:"220";}', 1, '2015-05-29 16:44:04'),
(245, 1, 'a:1:{s:9:"serviceid";s:3:"220";}', 1, '2015-05-29 16:44:06'),
(246, 1, 'a:1:{s:9:"serviceid";s:3:"220";}', 1, '2015-05-29 16:44:06'),
(247, 1, 'a:2:{s:9:"serviceid";s:3:"220";s:5:"step2";s:7:"126_220";}', 1, '2015-05-29 16:44:17'),
(248, 1, 'a:14:{s:9:"serviceid";s:3:"116";s:5:"step2";s:7:"125_217";s:5:"step3";s:3:"0_0";s:5:"step4";s:3:"0_0";s:5:"step5";s:3:"0_0";s:5:"step6";s:3:"0_0";s:5:"step7";s:3:"0_0";s:5:"step8";s:3:"0_0";s:5:"step9";s:3:"0_0";s:6:"step10";s:3:"0_0";s:6:"step11";s:3:"0_0";s:6:"step12";s:3:"0_0";s:6:"step13";s:3:"0_0";s:6:"step14";s:7:"126_222";}', 1, '2015-05-29 17:38:50'),
(249, 1, 'a:5:{s:9:"serviceid";s:2:"15";s:5:"step2";s:5:"14_36";s:5:"step3";s:5:"15_38";s:5:"step4";s:5:"16_39";s:5:"step5";s:5:"17_40";}', 1, '2015-05-29 17:41:28'),
(250, 1, 'a:15:{s:9:"serviceid";s:2:"96";s:5:"step2";s:3:"0_0";s:5:"step3";s:3:"0_0";s:5:"step4";s:3:"0_0";s:5:"step5";s:3:"0_0";s:5:"step6";s:3:"0_0";s:5:"step7";s:3:"0_0";s:5:"step8";s:3:"0_0";s:5:"step9";s:3:"0_0";s:6:"step10";s:3:"0_0";s:6:"step11";s:3:"0_0";s:6:"step12";s:3:"0_0";s:6:"step13";s:7:"106_184";s:6:"step14";s:7:"106_188";s:6:"step15";s:7:"107_191";}', 1, '2015-05-29 17:41:57'),
(251, 1, 'a:2:{s:9:"serviceid";s:2:"61";s:5:"step2";s:6:"75_115";}', 1, '2015-05-29 17:42:12'),
(252, 1, 'a:3:{s:9:"serviceid";s:3:"116";s:5:"step2";s:7:"125_217";s:5:"step3";s:7:"126_222";}', 1, '2015-05-29 18:21:32'),
(253, 1, 'a:3:{s:9:"serviceid";s:3:"116";s:5:"step2";s:7:"125_217";s:5:"step3";s:7:"126_219";}', 1, '2015-05-29 18:23:09'),
(254, 1, 'a:5:{s:9:"serviceid";s:2:"96";s:5:"step2";s:3:"0_0";s:5:"step3";s:3:"0_0";s:5:"step4";s:3:"0_0";s:5:"step5";s:7:"107_191";}', 1, '2015-05-29 18:24:15'),
(255, 1, 'a:3:{s:9:"serviceid";s:3:"116";s:5:"step2";s:7:"125_217";s:5:"step3";s:7:"126_222";}', 1, '2015-05-29 18:32:28'),
(256, 1, 'a:5:{s:9:"serviceid";s:3:"116";s:5:"step2";s:7:"125_216";s:5:"step3";s:7:"126_220";s:5:"step4";s:7:"126_221";s:5:"step5";s:7:"126_219";}', 1, '2015-05-29 18:33:09'),
(257, 1, 'a:4:{s:9:"serviceid";s:3:"116";s:5:"step2";s:7:"125_216";s:5:"step3";s:7:"126_220";s:5:"step4";s:7:"126_221";}', 1, '2015-05-29 18:34:14'),
(258, 1, 'a:4:{s:9:"serviceid";s:3:"116";s:5:"step2";s:7:"125_216";s:5:"step3";s:7:"126_219";s:5:"step4";s:7:"127_223";}', 1, '2015-05-29 18:44:22'),
(259, 1, 'a:5:{s:9:"serviceid";s:3:"116";s:5:"step2";s:7:"125_216";s:5:"step3";s:3:"0_0";s:5:"step4";s:7:"126_221";s:5:"step5";s:7:"127_223";}', 1, '2015-05-30 16:11:47'),
(260, 1, 'a:31:{s:9:"serviceid";s:3:"100";s:5:"step2";s:7:"114_200";s:5:"step3";s:7:"117_207";s:5:"step4";s:7:"117_207";s:5:"step5";s:7:"117_207";s:5:"step6";s:7:"117_207";s:5:"step7";s:7:"117_207";s:5:"step8";s:7:"117_207";s:5:"step9";s:7:"117_207";s:6:"step10";s:7:"117_207";s:6:"step11";s:7:"117_207";s:6:"step12";s:7:"117_207";s:6:"step13";s:7:"117_207";s:6:"step14";s:7:"117_207";s:6:"step15";s:7:"117_207";s:6:"step16";s:7:"117_207";s:6:"step17";s:7:"117_207";s:6:"step18";s:7:"117_207";s:6:"step19";s:7:"117_207";s:6:"step20";s:7:"117_207";s:6:"step21";s:7:"117_207";s:6:"step22";s:7:"117_207";s:6:"step23";s:7:"117_207";s:6:"step24";s:7:"117_207";s:6:"step25";s:7:"117_207";s:6:"step26";s:7:"117_207";s:6:"step27";s:7:"117_207";s:6:"step28";s:7:"117_207";s:6:"step29";s:7:"117_207";s:6:"step30";s:7:"117_207";s:6:"step31";s:7:"117_208";}', 1, '2015-05-30 16:54:25'),
(261, 1, 'a:7:{s:9:"serviceid";s:3:"100";s:5:"step2";s:7:"114_199";s:5:"step3";s:3:"0_0";s:5:"step4";s:3:"0_0";s:5:"step5";s:3:"0_0";s:5:"step6";s:3:"0_0";s:5:"step7";s:7:"115_201";}', 1, '2015-05-30 16:55:31'),
(262, 1, 'a:18:{s:9:"serviceid";s:2:"59";s:5:"step2";s:3:"0_0";s:5:"step3";s:3:"0_0";s:5:"step4";s:3:"0_0";s:5:"step5";s:3:"0_0";s:5:"step6";s:3:"0_0";s:5:"step7";s:3:"0_0";s:5:"step8";s:3:"0_0";s:5:"step9";s:3:"0_0";s:6:"step10";s:3:"0_0";s:6:"step11";s:3:"0_0";s:6:"step12";s:3:"0_0";s:6:"step13";s:3:"0_0";s:6:"step14";s:3:"0_0";s:6:"step15";s:3:"0_0";s:6:"step16";s:3:"0_0";s:6:"step17";s:3:"0_0";s:6:"step18";s:3:"0_0";}', 1, '2015-05-30 16:56:23'),
(263, 1, 'a:14:{s:9:"serviceid";s:2:"95";s:5:"step2";s:7:"101_166";s:5:"step3";s:3:"0_0";s:5:"step4";s:3:"0_0";s:5:"step5";s:3:"0_0";s:5:"step6";s:3:"0_0";s:5:"step7";s:3:"0_0";s:5:"step8";s:3:"0_0";s:5:"step9";s:3:"0_0";s:6:"step10";s:3:"0_0";s:6:"step11";s:3:"0_0";s:6:"step12";s:3:"0_0";s:6:"step13";s:3:"0_0";s:6:"step14";s:7:"101_162";}', 1, '2015-05-30 16:57:27'),
(264, 1, 'a:11:{s:9:"serviceid";s:2:"59";s:5:"step2";s:3:"0_0";s:5:"step3";s:3:"0_0";s:5:"step4";s:3:"0_0";s:5:"step5";s:3:"0_0";s:5:"step6";s:3:"0_0";s:5:"step7";s:3:"0_0";s:5:"step8";s:3:"0_0";s:5:"step9";s:3:"0_0";s:6:"step10";s:3:"0_0";s:6:"step11";s:6:"74_113";}', 1, '2015-05-30 16:57:54'),
(265, 1, 'a:2:{s:9:"serviceid";s:2:"61";s:5:"step2";s:6:"75_116";}', 1, '2015-05-30 16:58:14'),
(266, 1, 'a:2:{s:9:"serviceid";s:2:"61";s:5:"step2";s:6:"75_115";}', 1, '2015-05-30 16:58:24'),
(267, 1, 'a:2:{s:9:"serviceid";s:2:"65";s:5:"step2";s:6:"78_125";}', 1, '2015-05-30 16:58:40'),
(268, 1, 'a:5:{s:9:"serviceid";s:2:"15";s:5:"step2";s:5:"14_36";s:5:"step3";s:5:"15_38";s:5:"step4";s:5:"16_39";s:5:"step5";s:5:"17_40";}', 1, '2015-05-30 16:59:39'),
(269, 1, 'a:2:{s:9:"serviceid";s:2:"61";s:5:"step2";s:6:"75_116";}', 1, '2015-05-30 17:14:15'),
(270, 1, 'a:4:{s:9:"serviceid";s:3:"217";s:5:"step2";s:7:"126_221";s:5:"step3";s:7:"126_222";s:5:"step4";s:7:"127_223";}', 1, '2015-05-30 17:14:39'),
(271, 1, 'a:7:{s:9:"serviceid";s:2:"96";s:5:"step2";s:3:"0_0";s:5:"step3";s:3:"0_0";s:5:"step4";s:3:"0_0";s:5:"step5";s:3:"0_0";s:5:"step6";s:3:"0_0";s:5:"step7";s:7:"107_191";}', 1, '2015-05-30 17:15:05');
INSERT INTO `selections` (`id`, `customer_id`, `selections`, `is_complete`, `date`) VALUES
(272, 1, 'a:4:{s:9:"serviceid";s:3:"116";s:5:"step2";s:7:"125_216";s:5:"step3";s:7:"126_222";s:5:"step4";s:7:"127_223";}', 1, '2015-05-30 17:25:14'),
(273, 1, 'a:19:{s:9:"serviceid";s:2:"13";s:5:"step2";s:3:"0_0";s:5:"step3";s:4:"5_11";s:5:"step4";s:4:"6_14";s:5:"step5";s:4:"6_13";s:5:"step6";s:4:"7_16";s:5:"step7";s:4:"8_19";s:5:"step8";s:4:"8_21";s:5:"step9";s:4:"8_20";s:6:"step10";s:4:"9_23";s:6:"step11";s:4:"9_22";s:6:"step12";s:4:"9_24";s:6:"step13";s:5:"10_26";s:6:"step14";s:5:"10_27";s:6:"step15";s:5:"10_25";s:6:"step16";s:5:"11_28";s:6:"step17";s:5:"12_32";s:6:"step18";s:5:"12_31";s:6:"step19";s:5:"12_34";}', 1, '2015-05-30 17:26:55'),
(274, 1, 'a:14:{s:9:"serviceid";s:2:"56";s:5:"step2";s:12:"undefined_13";s:5:"step3";s:4:"5_10";s:5:"step4";s:4:"5_11";s:5:"step5";s:4:"5_12";s:5:"step6";s:4:"6_14";s:5:"step7";s:4:"6_15";s:5:"step8";s:4:"7_16";s:5:"step9";s:4:"8_20";s:6:"step10";s:4:"9_22";s:6:"step11";s:5:"10_26";s:6:"step12";s:5:"11_29";s:6:"step13";s:5:"12_32";s:6:"step14";s:5:"12_34";}', 1, '2015-05-30 17:29:02'),
(275, 1, 'a:16:{s:9:"serviceid";s:2:"13";s:5:"step2";s:3:"0_0";s:5:"step3";s:3:"0_0";s:5:"step4";s:3:"0_0";s:5:"step5";s:3:"0_0";s:5:"step6";s:3:"0_0";s:5:"step7";s:3:"0_0";s:5:"step8";s:4:"5_12";s:5:"step9";s:4:"6_15";s:6:"step10";s:4:"7_18";s:6:"step11";s:4:"8_21";s:6:"step12";s:4:"9_24";s:6:"step13";s:5:"10_27";s:6:"step14";s:5:"11_30";s:6:"step15";s:3:"0_0";s:6:"step16";s:5:"12_34";}', 1, '2015-05-30 17:38:50'),
(276, 1, 'a:5:{s:9:"serviceid";s:2:"15";s:5:"step2";s:5:"14_36";s:5:"step3";s:5:"15_38";s:5:"step4";s:5:"16_39";s:5:"step5";s:5:"17_40";}', 1, '2015-05-30 17:47:41'),
(277, 1, 'a:2:{s:9:"serviceid";s:2:"59";s:5:"step2";s:6:"74_113";}', 1, '2015-05-30 17:55:00'),
(278, 1, 'a:3:{s:9:"serviceid";s:2:"59";s:5:"step2";s:6:"74_112";s:5:"step3";s:7:"129_226";}', 1, '2015-05-30 17:57:19'),
(279, 1, 'a:3:{s:9:"serviceid";s:2:"59";s:5:"step2";s:6:"74_112";s:5:"step3";s:7:"129_225";}', 1, '2015-05-30 17:57:33'),
(280, 1, 'a:2:{s:9:"serviceid";s:2:"59";s:5:"step2";s:6:"74_113";}', 1, '2015-05-30 17:58:41'),
(281, 1, 'a:4:{s:9:"serviceid";s:3:"116";s:5:"step2";s:7:"125_217";s:5:"step3";s:7:"126_220";s:5:"step4";s:7:"127_223";}', 1, '2015-05-30 18:00:52'),
(282, 1, 'a:4:{s:9:"serviceid";s:3:"116";s:5:"step2";s:7:"125_216";s:5:"step3";s:7:"126_221";s:5:"step4";s:7:"127_223";}', 1, '2015-06-01 11:53:51'),
(283, 1, 'a:3:{s:9:"serviceid";s:3:"216";s:5:"step2";s:7:"126_221";s:5:"step3";s:7:"127_223";}', 1, '2015-06-01 11:57:00'),
(284, 1, 'a:3:{s:9:"serviceid";s:3:"216";s:5:"step2";s:7:"126_221";s:5:"step3";s:7:"127_223";}', 1, '2015-06-01 11:57:55'),
(285, 1, 'a:4:{s:9:"serviceid";s:3:"116";s:5:"step2";s:7:"125_216";s:5:"step3";s:7:"126_221";s:5:"step4";s:7:"127_223";}', 1, '2015-06-01 12:26:23'),
(286, 1, 'a:4:{s:9:"serviceid";s:3:"116";s:5:"step2";s:7:"125_216";s:5:"step3";s:7:"126_221";s:5:"step4";s:7:"127_223";}', 1, '2015-06-01 12:27:25'),
(287, 1, 'a:4:{s:9:"serviceid";s:3:"116";s:5:"step2";s:7:"125_216";s:5:"step3";s:7:"126_221";s:5:"step4";s:7:"127_223";}', 1, '2015-06-01 12:28:47'),
(288, 1, 'a:4:{s:9:"serviceid";s:3:"116";s:5:"step2";s:7:"125_216";s:5:"step3";s:7:"126_221";s:5:"step4";s:7:"127_223";}', 1, '2015-06-01 12:31:22'),
(289, 1, 'a:4:{s:9:"serviceid";s:3:"116";s:5:"step2";s:7:"125_216";s:5:"step3";s:7:"126_221";s:5:"step4";s:7:"127_223";}', 1, '2015-06-01 12:34:04'),
(290, 1, 'a:4:{s:9:"serviceid";s:3:"116";s:5:"step2";s:7:"125_216";s:5:"step3";s:7:"126_221";s:5:"step4";s:7:"127_224";}', 1, '2015-06-01 12:54:42'),
(291, 1, 'a:4:{s:9:"serviceid";s:3:"116";s:5:"step2";s:7:"125_216";s:5:"step3";s:7:"126_221";s:5:"step4";s:7:"127_224";}', 1, '2015-06-01 13:18:06'),
(292, 1, 'a:4:{s:9:"serviceid";s:3:"116";s:5:"step2";s:7:"125_216";s:5:"step3";s:7:"126_221";s:5:"step4";s:7:"127_224";}', 1, '2015-06-01 13:24:09'),
(293, 1, 'a:5:{s:9:"serviceid";s:3:"116";s:5:"step2";s:7:"125_216";s:5:"step3";s:7:"126_221";s:5:"step4";s:7:"126_222";s:5:"step5";s:7:"127_224";}', 1, '2015-06-01 13:26:19'),
(294, 1, 'a:5:{s:9:"serviceid";s:3:"116";s:5:"step2";s:7:"125_216";s:5:"step3";s:7:"126_221";s:5:"step4";s:7:"126_222";s:5:"step5";s:7:"127_224";}', 1, '2015-06-01 13:27:19'),
(295, 1, 'a:5:{s:9:"serviceid";s:3:"119";s:5:"step2";s:7:"133_238";s:5:"step3";s:7:"134_240";s:5:"step4";s:7:"134_239";s:5:"step5";s:7:"135_244";}', 1, '2015-06-02 16:07:37'),
(296, 1, 'a:6:{s:9:"serviceid";s:3:"119";s:5:"step2";s:7:"133_236";s:5:"step3";s:3:"0_0";s:5:"step4";s:3:"0_0";s:5:"step5";s:7:"134_240";s:5:"step6";s:7:"135_246";}', 1, '2015-06-02 16:57:50'),
(297, 1, 'a:5:{s:9:"serviceid";s:3:"119";s:5:"step2";s:7:"133_238";s:5:"step3";s:7:"134_241";s:5:"step4";s:7:"134_240";s:5:"step5";s:7:"135_244";}', 1, '2015-06-02 17:36:55'),
(298, 1, 'a:6:{s:9:"serviceid";s:3:"119";s:5:"step2";s:7:"133_236";s:5:"step3";s:7:"134_241";s:5:"step4";s:7:"134_242";s:5:"step5";s:7:"134_240";s:5:"step6";s:7:"135_244";}', 1, '2015-06-02 18:00:20');

-- --------------------------------------------------------

--
-- Table structure for table `services`
--

CREATE TABLE IF NOT EXISTS `services` (
  `id` int(11) NOT NULL AUTO_INCREMENT,
  `category_id` int(11) NOT NULL,
  `name` varchar(255) NOT NULL,
  `active` tinyint(1) NOT NULL,
  PRIMARY KEY (`id`)
) ENGINE=InnoDB  DEFAULT CHARSET=latin1 AUTO_INCREMENT=122 ;

--
-- Dumping data for table `services`
--

INSERT INTO `services` (`id`, `category_id`, `name`, `active`) VALUES
(1, 2, 'App', 1),
(13, 1, 'Opencart', 1),
(14, 2, 'android', 0),
(15, 2, 'ios', 1),
(33, 2, 'rgrege', 1),
(44, 1, 'test', 1),
(47, 2, 'abcd', 1),
(48, 2, 'jy', 1),
(53, 1, 'My newapp', 0),
(54, 1, 'sdf', 1),
(56, 1, '123', 1),
(57, 1, 'Sunnyflow', 0),
(58, 1, 'Sunny flow11', 1),
(59, 1, '11111', 1),
(60, 1, '1_service', 0),
(61, 1, '1_service', 1),
(62, 2, 'ret', 0),
(63, 1, 'hg', 0),
(64, 2, 'aabbcc', 1),
(65, 1, 'ertet', 1),
(66, 3, 'normal', 1),
(67, 3, 'aa11', 1),
(92, 2, 'ryrt', 0),
(93, 2, 'hvbjhg', 1),
(94, 2, 'yuyhgty', 0),
(95, 1, 'ipoiopio', 1),
(96, 1, 'fghfghgh', 1),
(100, 1, 'frtygreyet', 1),
(101, 2, 'Android', 1),
(102, 2, 'Android', 1),
(103, 3, 'DSX', 0),
(104, 5, 'Testing', 0),
(105, 5, 'Test', 1),
(106, 3, ',mjkohn', 0),
(107, 2, 'ghfr', 0),
(108, 2, 't56yh', 0),
(109, 2, 'truty', 0),
(110, 1, 'yuiyu', 0),
(111, 5, 'tttt', 1),
(112, 1, 'dstdg', 0),
(113, 2, 'opencart', 0),
(114, 2, 'android', 0),
(115, 2, 'android', 0),
(116, 1, 'DSX_1', 1),
(117, 2, 'wqasrew', 1),
(118, 2, 'uioi', 0),
(119, 1, 'tfryt', 1),
(120, 1, 'gfhdh', 0),
(121, 1, 'dsfds', 0);

-- --------------------------------------------------------

--
-- Table structure for table `settings`
--

CREATE TABLE IF NOT EXISTS `settings` (
  `id` int(11) NOT NULL AUTO_INCREMENT,
  `active` tinyint(1) NOT NULL,
  PRIMARY KEY (`id`)
) ENGINE=MyISAM  DEFAULT CHARSET=latin1 AUTO_INCREMENT=2 ;

--
-- Dumping data for table `settings`
--

INSERT INTO `settings` (`id`, `active`) VALUES
(1, 0);

-- --------------------------------------------------------

--
-- Table structure for table `users`
--

CREATE TABLE IF NOT EXISTS `users` (
  `id` int(11) NOT NULL AUTO_INCREMENT,
  `name` varchar(200) NOT NULL,
  `username` varchar(200) NOT NULL,
  `password` varchar(255) NOT NULL,
  `company` varchar(150) DEFAULT NULL,
  `logo` varchar(100) DEFAULT NULL,
  `website` varchar(100) DEFAULT NULL,
  `address` varchar(255) DEFAULT NULL,
  `phone` varchar(100) DEFAULT NULL,
  `info` longtext,
  `type` varchar(20) DEFAULT NULL,
  `active` tinyint(1) NOT NULL,
  `date` timestamp NOT NULL DEFAULT CURRENT_TIMESTAMP ON UPDATE CURRENT_TIMESTAMP,
  PRIMARY KEY (`id`)
) ENGINE=InnoDB  DEFAULT CHARSET=latin1 AUTO_INCREMENT=24 ;

--
-- Dumping data for table `users`
--

INSERT INTO `users` (`id`, `name`, `username`, `password`, `company`, `logo`, `website`, `address`, `phone`, `info`, `type`, `active`, `date`) VALUES
(1, 'Deeveloper', 'admin@gmail.com', '$2y$10$uNzu0qxeziurdEmbQTmGXuml0zxexKC8Vm//98yKa8zoUARBmX92S', 'designersx', '', 'http://www.designersx.com/', '#29/6, Industrial area phase ll, Chandigarh ', '9876543210', 'Lorem Ipsum is simply dummy text of the printing and typesetting industry. Lorem Ipsum has been the industry''s standard dummy text ever since the 1500s, when an unknown printer took a galley of type and scrambled it to make a type specimen book. It has survived not only five centuries, but also the leap into electronic typesetting, remaining essentially unchanged. It was popularised in the 1960s with the release of Letraset sheets containing Lorem Ipsum passages, and more recently with desktop publishing software like Aldus PageMaker including versions of Lorem Ipsum. ', 'Admin', 1, '2015-06-01 15:27:58'),
(4, 'zeenat mangat', 'zeenat.dx@gmail.com', '$2y$10$CPf9ZlcfEFtXR/v4yKod4e1Ht9cxixWw0IMBslV7K4Tcu6kVMgZ5W', 'designersx', 'img/uploads/croppedImg_38208760.jpeg', 'www.designersx.com', 'h.no-234,sector-25,panchkula,haryana', '9896208933', 'This eight-week course focuses on the fundamental unit of essays and reports: the paragraph. Students will learn the parts of the paragraph (topic, supporting, and concluding sentences) and the types of paragraphs (narrative, descriptive, expository, and persuasive).', 'client', 1, '2015-06-09 15:40:50'),
(15, 'developer', 'developer.dx@gmail.com', '$2y$10$pGSB.ZCGCnKzB64z68LKkOhxIF09qYPSIrvf1tpDJuzTRIN5dPs4W', 'designersx', 'sunrise-logo-images-3.jpg', 'www.designersx.com', 'h.no-234,sector-25,panchkula,haryana', '9888204797', 'The data from the association that is matched will be available on the _matchingData property of entities. If you both match and contain the same association, you can expect to get both the _matchingData and standard association properties in your results.', 'user', 0, '2015-05-18 18:02:40'),
(16, 'developerdx', 'developer@gmail.com', '$2y$10$fiswMxV7nyC6Kc6xTdANR.fSRwbdkRLT5o48JcT6xCilkPyXStCo2', 'designersx', 'img/uploads/croppedImg_1577328095.jpeg', 'www.designersx.com', 'h no.-222,sector-21,chandigarh', '9888204797', 'The data from the association that is matched will be available on the _matchingData property of entities. If you both match and contain the same association, you can expect to get both the _matchingData and standard association properties in your results.', 'admin', 1, '2015-06-01 15:22:24'),
(19, 'Sunny', 'sunnysharma.dx@gmail.com', '$2y$10$v/Tun.sTm3nMaA6LwPz34OX0bVvIkPONthdx9o67tkLnGzgPiGMUq', 'designersx', '', 'www.designersx.com', 'h.no-234,sector-25,panchkula,haryana', '9988160190', 'dsfdsf', 'client', 1, '2015-05-21 14:50:16'),
(23, 'aa', 'aa@gmail.com', '$2y$10$/UkXMRCx4pViAQacdQ8/8./wXPi4E89wI8aMTP5MIMQOPvnB0yNYK', 'asdfsf', 'img/uploads/croppedImg_1912921274.jpeg', 'dsf', 'wdrfew', '56522556522', 'qweqwewqe', 'admin', 0, '2015-06-02 18:52:02');

-- --------------------------------------------------------

--
-- Table structure for table `working_hours`
--

CREATE TABLE IF NOT EXISTS `working_hours` (
  `id` int(11) NOT NULL AUTO_INCREMENT,
  `user_id` int(11) NOT NULL,
  `service_id` int(11) NOT NULL,
  `option_id` int(11) NOT NULL,
  `hours` varchar(255) NOT NULL,
  `date` timestamp NOT NULL DEFAULT CURRENT_TIMESTAMP ON UPDATE CURRENT_TIMESTAMP,
  PRIMARY KEY (`id`)
) ENGINE=InnoDB  DEFAULT CHARSET=latin1 AUTO_INCREMENT=95 ;

--
-- Dumping data for table `working_hours`
--

INSERT INTO `working_hours` (`id`, `user_id`, `service_id`, `option_id`, `hours`, `date`) VALUES
(1, 4, 3, 1, '5', '2015-04-28 11:12:27'),
(2, 4, 3, 4, '2', '2015-04-28 11:12:27'),
(3, 4, 3, 5, '3', '2015-04-28 11:12:27'),
(4, 4, 3, 7, '4', '2015-04-28 11:12:27'),
(5, 4, 3, 10, '3', '2015-04-28 11:12:27'),
(6, 4, 3, 13, '2', '2015-04-28 11:12:27'),
(7, 4, 3, 14, '3', '2015-04-28 11:12:27'),
(8, 4, 3, 15, '4', '2015-04-28 11:12:27'),
(9, 15, 3, 1, '1', '2015-04-28 11:14:55'),
(10, 15, 3, 4, '2', '2015-04-28 11:14:55'),
(11, 15, 3, 5, '3', '2015-04-28 11:14:55'),
(12, 15, 3, 7, '4', '2015-04-28 11:14:55'),
(13, 15, 3, 10, '5', '2015-04-28 11:14:55'),
(14, 15, 3, 13, '6', '2015-04-28 11:14:55'),
(15, 15, 3, 14, '7', '2015-04-28 11:14:55'),
(16, 15, 3, 15, '8', '2015-04-28 11:14:55'),
(17, 4, 4, 17, '2', '2015-04-28 16:38:53'),
(18, 4, 4, 19, '3', '2015-04-28 16:38:53'),
(19, 4, 4, 20, '4', '2015-04-28 16:38:53'),
(20, 4, 13, 10, '1', '2015-05-07 11:43:07'),
(21, 4, 13, 13, '2', '2015-05-07 11:43:07'),
(22, 4, 13, 14, '3', '2015-05-07 11:43:07'),
(23, 4, 13, 16, '4', '2015-05-07 11:43:07'),
(24, 4, 13, 19, '5', '2015-05-07 11:43:07'),
(25, 4, 13, 20, '6', '2015-05-07 11:43:07'),
(26, 4, 13, 22, '7', '2015-05-07 11:43:07'),
(27, 4, 13, 23, '8', '2015-05-07 11:43:07'),
(28, 4, 13, 25, '9', '2015-05-07 11:43:07'),
(29, 4, 13, 26, '10', '2015-05-07 11:43:07'),
(30, 4, 13, 28, '11', '2015-05-07 11:43:07'),
(31, 4, 13, 31, '12', '2015-05-07 11:43:07'),
(32, 4, 13, 32, '13', '2015-05-07 11:43:07'),
(33, 4, 13, 33, '1', '2015-05-07 12:21:08'),
(42, 4, 1, 1, '1', '2015-05-11 15:59:56'),
(43, 4, 1, 2, '4', '2015-05-11 15:59:56'),
(44, 4, 1, 3, '3', '2015-05-11 15:59:56'),
(45, 4, 1, 4, '2', '2015-05-11 15:59:56'),
(46, 4, 1, 5, '1', '2015-05-11 15:59:56'),
(47, 4, 1, 6, '5', '2015-05-11 15:59:56'),
(48, 4, 1, 7, '4', '2015-05-11 15:59:56'),
(49, 4, 1, 8, '2', '2015-05-11 16:00:05'),
(50, 4, 47, 88, '1', '2015-05-13 15:44:02'),
(51, 4, 47, 89, '2', '2015-05-13 15:44:03'),
(52, 4, 47, 90, '3', '2015-05-13 15:44:03'),
(53, 4, 47, 92, '4', '2015-05-13 15:44:03'),
(54, 4, 47, 94, '1', '2015-05-13 15:44:03'),
(55, 4, 47, 96, '2', '2015-05-13 15:44:03'),
(56, 4, 47, 98, '3', '2015-05-13 15:44:03'),
(57, 4, 47, 100, '4', '2015-05-13 15:44:03'),
(62, 16, 61, 115, '15', '2015-05-15 13:19:08'),
(63, 16, 61, 116, '20', '2015-05-15 13:19:08'),
(64, 16, 61, 117, '52', '2015-05-15 13:19:08'),
(65, 16, 100, 198, '1', '2015-05-20 12:46:57'),
(66, 16, 100, 201, '1', '2015-05-20 12:46:57'),
(67, 16, 100, 202, '2', '2015-05-20 12:46:57'),
(68, 16, 100, 203, '3', '2015-05-20 12:46:57'),
(73, 19, 13, 10, '10', '2015-05-21 12:05:34'),
(74, 19, 13, 13, '1', '2015-05-21 12:05:34'),
(75, 19, 13, 14, '5', '2015-05-21 12:05:34'),
(76, 19, 13, 16, '5', '2015-05-21 12:05:34'),
(77, 19, 13, 19, '78', '2015-05-21 12:05:34'),
(78, 19, 13, 20, '7', '2015-05-21 12:05:34'),
(79, 19, 13, 22, '8', '2015-05-21 12:05:34'),
(80, 19, 13, 23, '8', '2015-05-21 12:05:34'),
(81, 19, 13, 25, '8', '2015-05-21 12:05:34'),
(82, 19, 13, 26, '9', '2015-05-21 12:05:34'),
(83, 19, 13, 28, '4', '2015-05-21 12:05:34'),
(84, 19, 13, 31, '8', '2015-05-21 12:05:34'),
(85, 19, 13, 32, '8', '2015-05-21 12:05:34'),
(86, 19, 13, 33, '8', '2015-05-21 12:05:35'),
(87, 19, 105, 207, '85', '2015-05-21 12:19:06'),
(88, 19, 105, 208, '96', '2015-05-21 12:19:06'),
(89, 16, 116, 216, '5', '2015-05-29 16:38:03'),
(90, 16, 116, 219, '2', '2015-05-29 16:38:03'),
(91, 16, 116, 220, '15', '2015-05-29 16:38:03'),
(92, 16, 116, 221, '15', '2015-05-29 16:38:03'),
(93, 4, 59, 112, '3', '2015-06-09 15:26:24'),
(94, 4, 59, 114, '2', '2015-06-09 15:26:13');
